<?xml version="1.0" encoding="UTF-8"?>
<objects serializationModel="Studio.02.02.00">
	<object class="Event" id="{1caffd02-bff5-46f0-85ae-49ea30b92e33}">
		<property name="name">
			<value>Climb</value>
		</property>
		<property name="outputFormat">
			<value>1</value>
		</property>
		<relationship name="folder">
			<destination>{edb32757-20f0-4df2-a3fe-ee3763c78543}</destination>
		</relationship>
		<relationship name="mixer">
			<destination>{4a6197a6-ca52-4a25-8d26-a13eef038c2d}</destination>
		</relationship>
		<relationship name="masterTrack">
			<destination>{946cd3ef-ede2-4b25-a592-968b3ead5bc0}</destination>
		</relationship>
		<relationship name="mixerInput">
			<destination>{f3093b7e-a652-422c-8dd7-44248aaf11cc}</destination>
		</relationship>
		<relationship name="automatableProperties">
			<destination>{105c4759-6ff4-4a82-9faf-281673a0fa28}</destination>
		</relationship>
		<relationship name="markerTracks">
			<destination>{8ce337d7-6c2b-4871-9226-6b142f577a91}</destination>
		</relationship>
		<relationship name="groupTracks">
			<destination>{ef2eb42e-f57f-4638-ad66-069cc777fc24}</destination>
		</relationship>
		<relationship name="timeline">
			<destination>{2995a5eb-bd50-49bb-aee8-339643d84df7}</destination>
		</relationship>
		<relationship name="parameters">
			<destination>{1e49bfcf-d409-4c1a-87e2-b91a7429eb39}</destination>
			<destination>{5eab1e70-6d32-4aee-a9c7-e0ba10008506}</destination>
		</relationship>
		<relationship name="banks">
			<destination>{e17f6469-3625-481d-a8d2-41e46a49a056}</destination>
		</relationship>
	</object>
	<object class="EventMixer" id="{4a6197a6-ca52-4a25-8d26-a13eef038c2d}">
		<relationship name="masterBus">
			<destination>{908a74ba-de6b-4471-860b-8f3172538763}</destination>
		</relationship>
	</object>
	<object class="MasterTrack" id="{946cd3ef-ede2-4b25-a592-968b3ead5bc0}">
		<relationship name="mixerGroup">
			<destination>{908a74ba-de6b-4471-860b-8f3172538763}</destination>
		</relationship>
	</object>
	<object class="MixerInput" id="{f3093b7e-a652-422c-8dd7-44248aaf11cc}">
		<relationship name="effectChain">
			<destination>{9dda73ea-e6d1-49a1-a1cc-d1cca5394140}</destination>
		</relationship>
		<relationship name="panner">
			<destination>{26a691cc-f28d-45f5-98a6-1fcea8cd42ce}</destination>
		</relationship>
		<relationship name="output">
			<destination>{8457f3b8-9c31-4e76-9f47-0125e7be0037}</destination>
		</relationship>
	</object>
	<object class="EventAutomatableProperties" id="{105c4759-6ff4-4a82-9faf-281673a0fa28}" />
	<object class="MarkerTrack" id="{8ce337d7-6c2b-4871-9226-6b142f577a91}" />
	<object class="GroupTrack" id="{ef2eb42e-f57f-4638-ad66-069cc777fc24}">
		<relationship name="automationTracks">
			<destination>{fd806e4f-7edc-47a8-954b-113840182de1}</destination>
			<destination>{c6ae717c-e799-46af-a463-7d61fd92877d}</destination>
		</relationship>
		<relationship name="modules">
			<destination>{bb634fb6-e5a9-42c2-be81-95e0642f7f12}</destination>
		</relationship>
		<relationship name="mixerGroup">
			<destination>{98b9cfb0-1f95-4a93-9410-76d59577d246}</destination>
		</relationship>
	</object>
	<object class="Timeline" id="{2995a5eb-bd50-49bb-aee8-339643d84df7}" />
	<object class="ParameterProxy" id="{1e49bfcf-d409-4c1a-87e2-b91a7429eb39}">
		<relationship name="modules">
			<destination>{bb634fb6-e5a9-42c2-be81-95e0642f7f12}</destination>
		</relationship>
		<relationship name="preset">
			<destination>{985bfff4-d60d-47a6-8c90-06922f26c5df}</destination>
		</relationship>
	</object>
	<object class="ParameterProxy" id="{5eab1e70-6d32-4aee-a9c7-e0ba10008506}">
		<relationship name="preset">
			<destination>{e5c13134-b82e-4e78-9631-abb1bf27848c}</destination>
		</relationship>
	</object>
	<object class="EventMixerMaster" id="{908a74ba-de6b-4471-860b-8f3172538763}">
		<relationship name="effectChain">
			<destination>{a982b1e7-0f1a-4c35-94ad-ff59c614714b}</destination>
		</relationship>
		<relationship name="panner">
			<destination>{7a93bfc3-3814-4e78-9366-6c0d9b6c85fc}</destination>
		</relationship>
		<relationship name="mixer">
			<destination>{4a6197a6-ca52-4a25-8d26-a13eef038c2d}</destination>
		</relationship>
	</object>
	<object class="MixerBusEffectChain" id="{9dda73ea-e6d1-49a1-a1cc-d1cca5394140}">
		<relationship name="effects">
			<destination>{680d4d5a-1d94-4902-98d5-25b2dc56fcf9}</destination>
		</relationship>
	</object>
	<object class="MixerBusPanner" id="{26a691cc-f28d-45f5-98a6-1fcea8cd42ce}" />
	<object class="AutomationTrack" id="{fd806e4f-7edc-47a8-954b-113840182de1}">
		<relationship name="automator">
			<destination>{4efd5e59-ad98-4a2e-ac3f-61dadb6dc552}</destination>
		</relationship>
	</object>
	<object class="AutomationTrack" id="{c6ae717c-e799-46af-a463-7d61fd92877d}">
		<relationship name="automator">
			<destination>{5ea7fbca-37dd-48d0-9115-5d2b3a09e829}</destination>
		</relationship>
	</object>
	<object class="MultiSound" id="{bb634fb6-e5a9-42c2-be81-95e0642f7f12}">
		<relationship name="modulators">
			<destination>{19120348-a711-4d21-9f08-d4c1af558ff0}</destination>
		</relationship>
		<relationship name="sounds">
			<destination>{50afc619-f51d-4afb-a714-2e20c9b0a705}</destination>
			<destination>{b3697208-bd61-44fb-ab08-6cf3d1be8cd8}</destination>
			<destination>{6b4063bc-32fa-416c-915e-aeb4eb4a92cf}</destination>
		</relationship>
	</object>
	<object class="EventMixerGroup" id="{98b9cfb0-1f95-4a93-9410-76d59577d246}">
		<property name="name">
			<value>Climb</value>
		</property>
		<relationship name="effectChain">
			<destination>{65ed126f-7432-41af-9dfc-351b95a9ae81}</destination>
		</relationship>
		<relationship name="panner">
			<destination>{747146ef-2669-488c-b7b9-f83cc282623c}</destination>
		</relationship>
		<relationship name="output">
			<destination>{908a74ba-de6b-4471-860b-8f3172538763}</destination>
		</relationship>
	</object>
	<object class="MixerBusEffectChain" id="{a982b1e7-0f1a-4c35-94ad-ff59c614714b}">
		<relationship name="effects">
			<destination>{8429678d-af74-4458-9a5d-96542114e38f}</destination>
			<destination>{36eafbae-e8c0-4ae7-8144-fe2d08134bae}</destination>
		</relationship>
	</object>
	<object class="MixerBusPanner" id="{7a93bfc3-3814-4e78-9366-6c0d9b6c85fc}" />
	<object class="MixerBusFader" id="{680d4d5a-1d94-4902-98d5-25b2dc56fcf9}" />
	<object class="RandomizerModulator" id="{19120348-a711-4d21-9f08-d4c1af558ff0}">
		<property name="nameOfPropertyBeingModulated">
			<value>pitch</value>
		</property>
		<property name="amount">
			<value>5</value>
		</property>
		<relationship name="automators">
			<destination>{4efd5e59-ad98-4a2e-ac3f-61dadb6dc552}</destination>
		</relationship>
	</object>
	<object class="SingleSound" id="{50afc619-f51d-4afb-a714-2e20c9b0a705}">
		<relationship name="audioFile">
			<destination>{4e1e627e-5f7b-4ff6-86e3-1e46d9a98ce6}</destination>
		</relationship>
	</object>
	<object class="SingleSound" id="{b3697208-bd61-44fb-ab08-6cf3d1be8cd8}">
		<relationship name="audioFile">
			<destination>{1fcf8399-6ccc-4d38-b863-ba2432342913}</destination>
		</relationship>
	</object>
	<object class="SingleSound" id="{6b4063bc-32fa-416c-915e-aeb4eb4a92cf}">
		<relationship name="audioFile">
			<destination>{6f921bba-626e-43a3-9d4d-46adce8ab052}</destination>
		</relationship>
	</object>
	<object class="MixerBusEffectChain" id="{65ed126f-7432-41af-9dfc-351b95a9ae81}">
		<relationship name="effects">
			<destination>{aec7277c-2809-4c93-a28d-3bfc7ae35cf2}</destination>
			<destination>{859ee644-1b5f-4bc9-8da7-0905fd5efcc6}</destination>
		</relationship>
	</object>
	<object class="MixerBusPanner" id="{747146ef-2669-488c-b7b9-f83cc282623c}" />
	<object class="MixerBusFader" id="{8429678d-af74-4458-9a5d-96542114e38f}" />
	<object class="SFXReverbEffect" id="{36eafbae-e8c0-4ae7-8144-fe2d08134bae}">
		<relationship name="automators">
			<destination>{7dd127b8-8882-45d9-8b83-a03714edebf7}</destination>
		</relationship>
	</object>
	<object class="Automator" id="{4efd5e59-ad98-4a2e-ac3f-61dadb6dc552}">
		<property name="nameOfPropertyBeingAutomated">
			<value>amount</value>
		</property>
		<relationship name="automationCurves">
			<destination>{5d869e33-5a2c-46a6-99c1-bb616b90a246}</destination>
		</relationship>
	</object>
	<object class="MixerBusFader" id="{aec7277c-2809-4c93-a28d-3bfc7ae35cf2}" />
	<object class="SFXReverbEffect" id="{859ee644-1b5f-4bc9-8da7-0905fd5efcc6}">
		<relationship name="automators">
			<destination>{5ea7fbca-37dd-48d0-9115-5d2b3a09e829}</destination>
		</relationship>
	</object>
	<object class="Automator" id="{7dd127b8-8882-45d9-8b83-a03714edebf7}">
		<property name="nameOfPropertyBeingAutomated">
			<value>wetLevel</value>
		</property>
		<relationship name="automationCurves">
			<destination>{5d84a1dd-2c01-410b-b350-612da9ce5cd9}</destination>
		</relationship>
	</object>
	<object class="AutomationCurve" id="{5d869e33-5a2c-46a6-99c1-bb616b90a246}">
		<relationship name="parameter">
			<destination>{985bfff4-d60d-47a6-8c90-06922f26c5df}</destination>
		</relationship>
		<relationship name="automationPoints">
			<destination>{276dd82b-cb5c-4013-8996-d3e9ca860b95}</destination>
			<destination>{1cefa6d8-6e79-4c19-b2e9-f8370646be3a}</destination>
		</relationship>
	</object>
	<object class="Automator" id="{5ea7fbca-37dd-48d0-9115-5d2b3a09e829}">
		<property name="nameOfPropertyBeingAutomated">
			<value>wetLevel</value>
		</property>
		<relationship name="automationCurves">
			<destination>{75e8acb3-64aa-46a7-a740-e765936e978d}</destination>
		</relationship>
	</object>
	<object class="AutomationCurve" id="{5d84a1dd-2c01-410b-b350-612da9ce5cd9}">
		<relationship name="parameter">
			<destination>{e5c13134-b82e-4e78-9631-abb1bf27848c}</destination>
		</relationship>
		<relationship name="automationPoints">
			<destination>{1814262b-8636-4c04-aaba-90af57a66164}</destination>
			<destination>{5837f674-032b-4beb-acc9-5dbf10da3265}</destination>
		</relationship>
	</object>
	<object class="AutomationPoint" id="{276dd82b-cb5c-4013-8996-d3e9ca860b95}">
		<property name="position">
			<value>0</value>
		</property>
		<property name="value">
			<value>0</value>
		</property>
	</object>
	<object class="AutomationPoint" id="{1cefa6d8-6e79-4c19-b2e9-f8370646be3a}">
		<property name="position">
			<value>1</value>
		</property>
		<property name="value">
			<value>4.99999952</value>
		</property>
	</object>
	<object class="AutomationCurve" id="{75e8acb3-64aa-46a7-a740-e765936e978d}">
		<relationship name="parameter">
			<destination>{e5c13134-b82e-4e78-9631-abb1bf27848c}</destination>
		</relationship>
		<relationship name="automationPoints">
			<destination>{7d40a84c-6d48-40d3-8e1b-0cf4c0532175}</destination>
			<destination>{5fa7dff5-9a03-48e8-9cb2-25405a925034}</destination>
		</relationship>
	</object>
	<object class="AutomationPoint" id="{1814262b-8636-4c04-aaba-90af57a66164}">
		<property name="position">
			<value>1</value>
		</property>
		<property name="value">
			<value>-6</value>
		</property>
	</object>
	<object class="AutomationPoint" id="{5837f674-032b-4beb-acc9-5dbf10da3265}">
		<property name="position">
			<value>0</value>
		</property>
		<property name="value">
			<value>-80</value>
		</property>
	</object>
	<object class="AutomationPoint" id="{7d40a84c-6d48-40d3-8e1b-0cf4c0532175}">
		<property name="position">
			<value>1</value>
		</property>
		<property name="value">
			<value>-6</value>
		</property>
	</object>
	<object class="AutomationPoint" id="{5fa7dff5-9a03-48e8-9cb2-25405a925034}">
		<property name="position">
			<value>0</value>
		</property>
		<property name="value">
			<value>-75</value>
		</property>
	</object>
</objects>
