<?xml version="1.0" encoding="UTF-8"?>
<objects serializationModel="Studio.02.02.00">
	<object class="Event" id="{23b619a7-91ff-4651-beb9-d44361ac8942}">
		<property name="name">
			<value>Ambiente</value>
		</property>
		<property name="outputFormat">
			<value>5</value>
		</property>
		<relationship name="folder">
			<destination>{b9c96669-5554-4627-9861-5a006776dbdd}</destination>
		</relationship>
		<relationship name="mixer">
			<destination>{917b60db-59b7-4e4c-b8a2-91a4edc13814}</destination>
		</relationship>
		<relationship name="masterTrack">
			<destination>{4d2099f8-7a37-44f3-bf79-b18c2f9349cc}</destination>
		</relationship>
		<relationship name="mixerInput">
			<destination>{cd2f3133-4e33-4c75-b398-3cc567d31f03}</destination>
		</relationship>
		<relationship name="automatableProperties">
			<destination>{455567cc-6807-47ce-9a52-6b479348b3d3}</destination>
		</relationship>
		<relationship name="markerTracks">
			<destination>{682c21aa-74ff-4d8a-8727-103e7cd52200}</destination>
		</relationship>
		<relationship name="groupTracks">
			<destination>{3939499d-b0af-49a5-9585-63a2717a0604}</destination>
			<destination>{2ba88069-4f18-4f8b-8f7f-8f0fafce0e5b}</destination>
			<destination>{f62cbfd7-2656-4944-85fd-3746e5401578}</destination>
		</relationship>
		<relationship name="timeline">
			<destination>{ff18a66f-23c9-4548-bfcb-f21fb7e66434}</destination>
		</relationship>
		<relationship name="parameters">
			<destination>{74d0be85-ee94-402f-9148-56801c2a05c5}</destination>
			<destination>{bf756177-fd6f-45ff-94f0-ecffac7819c8}</destination>
			<destination>{1a74aacb-e223-4708-af83-5f943f127ace}</destination>
			<destination>{20d92788-fedd-4a1b-b760-8b41ff93b8cf}</destination>
		</relationship>
		<relationship name="banks">
			<destination>{0d8d0da1-14a1-44a0-a779-d5a9522d725c}</destination>
		</relationship>
	</object>
	<object class="EventMixer" id="{917b60db-59b7-4e4c-b8a2-91a4edc13814}">
		<relationship name="masterBus">
			<destination>{69c0f593-51ad-46fa-9dfa-50152dca251c}</destination>
		</relationship>
	</object>
	<object class="MasterTrack" id="{4d2099f8-7a37-44f3-bf79-b18c2f9349cc}">
		<relationship name="mixerGroup">
			<destination>{69c0f593-51ad-46fa-9dfa-50152dca251c}</destination>
		</relationship>
	</object>
	<object class="MixerInput" id="{cd2f3133-4e33-4c75-b398-3cc567d31f03}">
		<relationship name="effectChain">
			<destination>{92165790-5367-47f3-b8b2-e0301dcf148c}</destination>
		</relationship>
		<relationship name="panner">
			<destination>{43d5912c-a211-4493-8bf8-4bed960e2c8e}</destination>
		</relationship>
		<relationship name="output">
			<destination>{70b0f976-b01f-4e98-b500-b284f416f35f}</destination>
		</relationship>
	</object>
	<object class="EventAutomatableProperties" id="{455567cc-6807-47ce-9a52-6b479348b3d3}" />
	<object class="MarkerTrack" id="{682c21aa-74ff-4d8a-8727-103e7cd52200}" />
	<object class="GroupTrack" id="{3939499d-b0af-49a5-9585-63a2717a0604}">
		<relationship name="automationTracks">
			<destination>{85c171af-13b9-440f-ad54-f5360752a85a}</destination>
			<destination>{3bbac941-63d5-445c-b620-6e45a4827721}</destination>
			<destination>{2252b8a0-731d-4e59-9bb0-db6367d19454}</destination>
		</relationship>
		<relationship name="modules">
			<destination>{027bffdb-8e3f-4c53-80c4-0bd78eceecc4}</destination>
		</relationship>
		<relationship name="mixerGroup">
			<destination>{8e646162-17db-4088-8ee7-04f48de14375}</destination>
		</relationship>
	</object>
	<object class="GroupTrack" id="{2ba88069-4f18-4f8b-8f7f-8f0fafce0e5b}">
		<relationship name="automationTracks">
			<destination>{dbc3b5f0-296e-40fc-b00c-5f9019b02943}</destination>
			<destination>{135d71b0-ca39-48d1-98ce-a67319a87df6}</destination>
			<destination>{fa096514-4745-4f45-9da3-fbd237e1aae6}</destination>
			<destination>{c004c851-f5d6-43e1-88c0-2d368c6e942b}</destination>
		</relationship>
		<relationship name="modules">
			<destination>{40d3fc1f-759d-41ab-a29d-9a6937067e42}</destination>
		</relationship>
		<relationship name="mixerGroup">
			<destination>{e188a8b2-ed68-4149-a24e-7d8c8023cc99}</destination>
		</relationship>
	</object>
	<object class="GroupTrack" id="{f62cbfd7-2656-4944-85fd-3746e5401578}">
		<relationship name="automationTracks">
			<destination>{d7898c2a-99ef-4d2c-8335-ec3d192182d8}</destination>
			<destination>{6b8666b9-eb4c-4c59-ba4a-c7a5233b64bb}</destination>
			<destination>{fa438488-7761-4cd3-b551-e6e148b010eb}</destination>
			<destination>{42b7ae7f-53ba-414f-a61d-0b9e935243dd}</destination>
		</relationship>
		<relationship name="modules">
			<destination>{058c0d99-8bd0-4c0e-9379-f5856f8b4160}</destination>
		</relationship>
		<relationship name="mixerGroup">
			<destination>{17babbe3-6edd-436f-8d25-833fd71dc758}</destination>
		</relationship>
	</object>
	<object class="Timeline" id="{ff18a66f-23c9-4548-bfcb-f21fb7e66434}" />
	<object class="ParameterProxy" id="{74d0be85-ee94-402f-9148-56801c2a05c5}">
		<relationship name="modules">
			<destination>{027bffdb-8e3f-4c53-80c4-0bd78eceecc4}</destination>
		</relationship>
		<relationship name="preset">
			<destination>{fcd3ed19-9677-43ea-955d-1d7911da80f2}</destination>
		</relationship>
	</object>
	<object class="ParameterProxy" id="{bf756177-fd6f-45ff-94f0-ecffac7819c8}">
		<relationship name="preset">
			<destination>{5900c348-f1d7-4be6-8060-a28ff5e11312}</destination>
		</relationship>
	</object>
	<object class="ParameterProxy" id="{1a74aacb-e223-4708-af83-5f943f127ace}">
		<relationship name="modules">
			<destination>{058c0d99-8bd0-4c0e-9379-f5856f8b4160}</destination>
		</relationship>
		<relationship name="preset">
			<destination>{b1af5d07-ace3-40af-8d25-7f1a284a4b67}</destination>
		</relationship>
	</object>
	<object class="ParameterProxy" id="{20d92788-fedd-4a1b-b760-8b41ff93b8cf}">
		<relationship name="modules">
			<destination>{40d3fc1f-759d-41ab-a29d-9a6937067e42}</destination>
		</relationship>
		<relationship name="preset">
			<destination>{e9060574-4c94-4736-92eb-baabce870707}</destination>
		</relationship>
	</object>
	<object class="EventMixerMaster" id="{69c0f593-51ad-46fa-9dfa-50152dca251c}">
		<relationship name="effectChain">
			<destination>{cb1206a6-1def-4c48-8cf4-2f88f638ff9a}</destination>
		</relationship>
		<relationship name="panner">
			<destination>{c3cd95d3-273d-43a3-a504-e9ff962e95ec}</destination>
		</relationship>
		<relationship name="mixer">
			<destination>{917b60db-59b7-4e4c-b8a2-91a4edc13814}</destination>
		</relationship>
	</object>
	<object class="MixerBusEffectChain" id="{92165790-5367-47f3-b8b2-e0301dcf148c}">
		<relationship name="effects">
			<destination>{8b6ed238-4337-4ab6-86b7-8f4442af3733}</destination>
		</relationship>
	</object>
	<object class="MixerBusPanner" id="{43d5912c-a211-4493-8bf8-4bed960e2c8e}" />
	<object class="AutomationTrack" id="{85c171af-13b9-440f-ad54-f5360752a85a}">
		<relationship name="automator">
			<destination>{441776db-3603-48b0-afe4-a3a3ffc0557d}</destination>
		</relationship>
	</object>
	<object class="AutomationTrack" id="{3bbac941-63d5-445c-b620-6e45a4827721}">
		<relationship name="automator">
			<destination>{f4b6fe15-6012-4d2c-b498-25641c4cc92f}</destination>
		</relationship>
	</object>
	<object class="AutomationTrack" id="{2252b8a0-731d-4e59-9bb0-db6367d19454}">
		<relationship name="automator">
			<destination>{2177d765-b7a2-4014-baaa-b10491f50201}</destination>
		</relationship>
	</object>
	<object class="SingleSound" id="{027bffdb-8e3f-4c53-80c4-0bd78eceecc4}">
		<relationship name="audioFile">
			<destination>{1320146a-350e-40e5-a331-d1cd40b7000f}</destination>
		</relationship>
	</object>
	<object class="EventMixerGroup" id="{8e646162-17db-4088-8ee7-04f48de14375}">
		<property name="volume">
			<value>-4.5</value>
		</property>
		<property name="name">
			<value>AmbientePrincipal</value>
		</property>
		<relationship name="modulators">
			<destination>{7ef0f74b-7a45-43ed-9d37-1d691548f75b}</destination>
		</relationship>
		<relationship name="effectChain">
			<destination>{cb7a5cc8-08fc-4097-b8ea-d16382ef7106}</destination>
		</relationship>
		<relationship name="panner">
			<destination>{9eb69a43-b9ba-4575-b187-09c3f20349ba}</destination>
		</relationship>
		<relationship name="output">
			<destination>{69c0f593-51ad-46fa-9dfa-50152dca251c}</destination>
		</relationship>
	</object>
	<object class="AutomationTrack" id="{dbc3b5f0-296e-40fc-b00c-5f9019b02943}">
		<relationship name="automator">
			<destination>{e1adfa92-9fdd-4b25-8fb4-62eae07b4df4}</destination>
		</relationship>
	</object>
	<object class="AutomationTrack" id="{135d71b0-ca39-48d1-98ce-a67319a87df6}">
		<relationship name="automator">
			<destination>{f02c1cd1-26a4-4691-be46-4c9c7bf94826}</destination>
		</relationship>
	</object>
	<object class="AutomationTrack" id="{fa096514-4745-4f45-9da3-fbd237e1aae6}">
		<relationship name="automator">
			<destination>{b750645d-9eba-4f1e-bb7f-2b04dea57194}</destination>
		</relationship>
	</object>
	<object class="AutomationTrack" id="{c004c851-f5d6-43e1-88c0-2d368c6e942b}">
		<relationship name="automator">
			<destination>{56a5cda1-c0ad-4298-be19-5e509d889f5d}</destination>
		</relationship>
	</object>
	<object class="SoundScatterer" id="{40d3fc1f-759d-41ab-a29d-9a6937067e42}">
		<property name="name" />
		<property name="volume">
			<value>2.5</value>
		</property>
		<property name="polyphony">
			<value>3</value>
		</property>
		<property name="spawnRate">
			<value>52</value>
		</property>
		<property name="pitchRandomization">
			<value>1.89999998</value>
		</property>
		<relationship name="automators">
			<destination>{a6e9a4fb-5d2c-44ae-a5bf-f080592dc159}</destination>
		</relationship>
		<relationship name="fadeInCurve">
			<destination>{c637191a-2c87-4777-b6b3-af572005917c}</destination>
		</relationship>
		<relationship name="fadeOutCurve">
			<destination>{bcb27c00-ce46-490a-a58e-3abdf0229239}</destination>
		</relationship>
		<relationship name="sound">
			<destination>{f827d7e0-ea60-41bd-ba32-b701305338df}</destination>
		</relationship>
	</object>
	<object class="EventMixerGroup" id="{e188a8b2-ed68-4149-a24e-7d8c8023cc99}">
		<property name="volume">
			<value>-2</value>
		</property>
		<property name="name">
			<value>Zumbidos</value>
		</property>
		<relationship name="effectChain">
			<destination>{105a30f9-dbe6-424f-aae6-1981aa2de705}</destination>
		</relationship>
		<relationship name="panner">
			<destination>{630c1308-390a-4c61-b950-effb02327abe}</destination>
		</relationship>
		<relationship name="output">
			<destination>{69c0f593-51ad-46fa-9dfa-50152dca251c}</destination>
		</relationship>
	</object>
	<object class="AutomationTrack" id="{d7898c2a-99ef-4d2c-8335-ec3d192182d8}">
		<relationship name="automator">
			<destination>{0213cdee-3142-4eeb-b175-65f55a255ef9}</destination>
		</relationship>
	</object>
	<object class="AutomationTrack" id="{6b8666b9-eb4c-4c59-ba4a-c7a5233b64bb}">
		<relationship name="automator">
			<destination>{23425345-ec78-4664-8cd5-dd140260da9f}</destination>
		</relationship>
	</object>
	<object class="AutomationTrack" id="{fa438488-7761-4cd3-b551-e6e148b010eb}">
		<relationship name="automator">
			<destination>{49a33489-e092-4ffa-8558-6804cbe905c9}</destination>
		</relationship>
	</object>
	<object class="AutomationTrack" id="{42b7ae7f-53ba-414f-a61d-0b9e935243dd}">
		<relationship name="automator">
			<destination>{0243cd69-817e-457e-80f7-08476d8291c2}</destination>
		</relationship>
	</object>
	<object class="SoundScatterer" id="{058c0d99-8bd0-4c0e-9379-f5856f8b4160}">
		<property name="volume">
			<value>0.5</value>
		</property>
		<property name="spawnRate">
			<value>0</value>
		</property>
		<relationship name="automators">
			<destination>{7a29731d-7a71-4762-8bf5-c66de3a7051c}</destination>
		</relationship>
		<relationship name="fadeInCurve">
			<destination>{15fb0446-4a32-4dd4-b2a9-e67a392a6d18}</destination>
		</relationship>
		<relationship name="fadeOutCurve">
			<destination>{0dc0868e-b738-425b-abc4-160f1ebbfb4d}</destination>
		</relationship>
		<relationship name="sound">
			<destination>{565ad1f7-a1e3-450e-ab5f-ba6d69ab5167}</destination>
		</relationship>
	</object>
	<object class="EventMixerGroup" id="{17babbe3-6edd-436f-8d25-833fd71dc758}">
		<property name="volume">
			<value>-5.5</value>
		</property>
		<property name="name">
			<value>RandomSounds</value>
		</property>
		<relationship name="effectChain">
			<destination>{3d7503d8-79ae-4da4-903f-2db1b31ecf8b}</destination>
		</relationship>
		<relationship name="panner">
			<destination>{7be9e468-25ad-4039-9b37-91203a3b5290}</destination>
		</relationship>
		<relationship name="output">
			<destination>{69c0f593-51ad-46fa-9dfa-50152dca251c}</destination>
		</relationship>
	</object>
	<object class="MixerBusEffectChain" id="{cb1206a6-1def-4c48-8cf4-2f88f638ff9a}">
		<relationship name="effects">
			<destination>{e0e194fc-2201-4674-a73f-f2eb98fafcdd}</destination>
		</relationship>
	</object>
	<object class="MixerBusPanner" id="{c3cd95d3-273d-43a3-a504-e9ff962e95ec}" />
	<object class="MixerBusFader" id="{8b6ed238-4337-4ab6-86b7-8f4442af3733}" />
	<object class="ADSRModulator" id="{7ef0f74b-7a45-43ed-9d37-1d691548f75b}">
		<property name="nameOfPropertyBeingModulated">
			<value>volume</value>
		</property>
		<property name="initialValue">
			<value>-80</value>
		</property>
		<property name="finalValue">
			<value>-80</value>
		</property>
	</object>
	<object class="MixerBusEffectChain" id="{cb7a5cc8-08fc-4097-b8ea-d16382ef7106}">
		<relationship name="effects">
			<destination>{87026d9e-d5ba-472c-8613-5d443d45b276}</destination>
			<destination>{958a96d6-aff5-4b83-8d9f-8ebb2c6e71eb}</destination>
			<destination>{8ffc9a72-cd18-443b-ab08-4097a54774ba}</destination>
		</relationship>
	</object>
	<object class="MixerBusPanner" id="{9eb69a43-b9ba-4575-b187-09c3f20349ba}" />
	<object class="Automator" id="{a6e9a4fb-5d2c-44ae-a5bf-f080592dc159}">
		<property name="nameOfPropertyBeingAutomated">
			<value>spawnRate</value>
		</property>
		<relationship name="automationCurves">
			<destination>{8cbeea91-d1fd-42ac-bfcd-be2c98ec68a4}</destination>
		</relationship>
	</object>
	<object class="FadeCurve" id="{c637191a-2c87-4777-b6b3-af572005917c}">
		<relationship name="startPoint">
			<destination>{f7a2505f-0d14-484c-b631-d9413ba1ef15}</destination>
		</relationship>
		<relationship name="endPoint">
			<destination>{b83007b8-c7e3-4d75-82f1-855a36ac73e2}</destination>
		</relationship>
	</object>
	<object class="FadeCurve" id="{bcb27c00-ce46-490a-a58e-3abdf0229239}">
		<relationship name="startPoint">
			<destination>{22e76753-6c18-4365-b8f6-4056e70cc3a0}</destination>
		</relationship>
		<relationship name="endPoint">
			<destination>{aba24f44-3943-4999-9953-c145ccb31619}</destination>
		</relationship>
	</object>
	<object class="MultiSound" id="{f827d7e0-ea60-41bd-ba32-b701305338df}">
		<property name="playlistMode">
			<value>1</value>
		</property>
		<relationship name="sounds">
			<destination>{9c05e004-52c9-423b-ac76-074a54e91c31}</destination>
			<destination>{9eedc9f3-0c7c-49d3-b844-c4c8a4cedbf1}</destination>
			<destination>{daab20bf-8b7a-430d-b113-4b6d7bb8e136}</destination>
		</relationship>
	</object>
	<object class="MixerBusEffectChain" id="{105a30f9-dbe6-424f-aae6-1981aa2de705}">
		<relationship name="effects">
			<destination>{9726db01-883a-4b13-8028-a7a63d3b54ac}</destination>
			<destination>{a56efb04-b9ab-4e18-8b9f-633efd9e1869}</destination>
			<destination>{c112266b-79cc-445a-88a2-bfd79c030422}</destination>
		</relationship>
	</object>
	<object class="MixerBusPanner" id="{630c1308-390a-4c61-b950-effb02327abe}" />
	<object class="Automator" id="{7a29731d-7a71-4762-8bf5-c66de3a7051c}">
		<property name="nameOfPropertyBeingAutomated">
			<value>spawnRate</value>
		</property>
		<relationship name="automationCurves">
			<destination>{7f486ed1-1daa-444b-a67f-b737819e2985}</destination>
		</relationship>
	</object>
	<object class="FadeCurve" id="{15fb0446-4a32-4dd4-b2a9-e67a392a6d18}">
		<relationship name="startPoint">
			<destination>{25551a4b-2c65-4ff5-9589-7f818aaae050}</destination>
		</relationship>
		<relationship name="endPoint">
			<destination>{f4e389a6-bdfe-4b09-b7cd-224bf635cdee}</destination>
		</relationship>
	</object>
	<object class="FadeCurve" id="{0dc0868e-b738-425b-abc4-160f1ebbfb4d}">
		<relationship name="startPoint">
			<destination>{00046608-922d-47b8-9b07-04a52df733eb}</destination>
		</relationship>
		<relationship name="endPoint">
			<destination>{8843bda1-7498-499a-ae24-47dc87512cf7}</destination>
		</relationship>
	</object>
	<object class="MultiSound" id="{565ad1f7-a1e3-450e-ab5f-ba6d69ab5167}">
		<relationship name="sounds">
			<destination>{fef143b5-f384-4270-9795-c4b8d10a5a55}</destination>
			<destination>{c99974dd-f46f-46ac-bf74-53696d8f6a36}</destination>
			<destination>{bec61978-973e-425f-91da-9cc02b3eb285}</destination>
			<destination>{091d5a23-f060-49a5-b4a4-fe9a3a45198b}</destination>
		</relationship>
	</object>
	<object class="MixerBusEffectChain" id="{3d7503d8-79ae-4da4-903f-2db1b31ecf8b}">
		<relationship name="effects">
			<destination>{f3a542be-fb1e-4ec4-b490-f013bcde0652}</destination>
			<destination>{f1272dcb-f092-46a2-b3be-ced53a60580a}</destination>
			<destination>{2778ad76-b1cd-456b-951d-dbc4c2d024c1}</destination>
		</relationship>
	</object>
	<object class="MixerBusPanner" id="{7be9e468-25ad-4039-9b37-91203a3b5290}" />
	<object class="MixerBusFader" id="{e0e194fc-2201-4674-a73f-f2eb98fafcdd}" />
	<object class="MixerBusFader" id="{87026d9e-d5ba-472c-8613-5d443d45b276}" />
	<object class="GainEffect" id="{958a96d6-aff5-4b83-8d9f-8ebb2c6e71eb}">
		<property name="gain">
			<value>-0.5</value>
		</property>
		<relationship name="automators">
			<destination>{6d99ad65-0405-42ae-9252-b7465fd17434}</destination>
		</relationship>
	</object>
	<object class="ThreeEQEffect" id="{8ffc9a72-cd18-443b-ab08-4097a54774ba}">
		<relationship name="automators">
			<destination>{441776db-3603-48b0-afe4-a3a3ffc0557d}</destination>
			<destination>{f4b6fe15-6012-4d2c-b498-25641c4cc92f}</destination>
			<destination>{2177d765-b7a2-4014-baaa-b10491f50201}</destination>
		</relationship>
	</object>
	<object class="AutomationCurve" id="{8cbeea91-d1fd-42ac-bfcd-be2c98ec68a4}">
		<relationship name="parameter">
			<destination>{e9060574-4c94-4736-92eb-baabce870707}</destination>
		</relationship>
		<relationship name="automationPoints">
			<destination>{cb2404fe-0b54-496c-bc83-f833e87e1bc2}</destination>
			<destination>{219f8ab3-aff1-4417-b001-0daa042e6f54}</destination>
		</relationship>
	</object>
	<object class="AutomationPoint" id="{f7a2505f-0d14-484c-b631-d9413ba1ef15}">
		<property name="position">
			<value>0</value>
		</property>
		<property name="value">
			<value>0</value>
		</property>
		<property name="curveShape">
			<value>-0.2547189</value>
		</property>
	</object>
	<object class="AutomationPoint" id="{b83007b8-c7e3-4d75-82f1-855a36ac73e2}">
		<property name="position">
			<value>0.029999999999999999</value>
		</property>
		<property name="value">
			<value>1</value>
		</property>
	</object>
	<object class="AutomationPoint" id="{22e76753-6c18-4365-b8f6-4056e70cc3a0}">
		<property name="position">
			<value>0.95999999999999996</value>
		</property>
		<property name="value">
			<value>1</value>
		</property>
		<property name="curveShape">
			<value>0.25471893</value>
		</property>
	</object>
	<object class="AutomationPoint" id="{aba24f44-3943-4999-9953-c145ccb31619}">
		<property name="position">
			<value>1</value>
		</property>
		<property name="value">
			<value>0</value>
		</property>
	</object>
	<object class="SingleSound" id="{9c05e004-52c9-423b-ac76-074a54e91c31}">
		<property name="volume">
			<value>-5.5</value>
		</property>
		<relationship name="audioFile">
			<destination>{b3e59369-d510-4a91-8d29-36b05b51aa16}</destination>
		</relationship>
	</object>
	<object class="SingleSound" id="{9eedc9f3-0c7c-49d3-b844-c4c8a4cedbf1}">
		<property name="volume">
			<value>-16.5</value>
		</property>
		<relationship name="audioFile">
			<destination>{247709ee-0119-4215-b6b4-7f19f47d12cb}</destination>
		</relationship>
	</object>
	<object class="SingleSound" id="{daab20bf-8b7a-430d-b113-4b6d7bb8e136}">
		<property name="volume">
			<value>-33</value>
		</property>
		<relationship name="audioFile">
			<destination>{22bf1608-261f-43ad-b68f-f72f0bbbba03}</destination>
		</relationship>
	</object>
	<object class="MixerBusFader" id="{9726db01-883a-4b13-8028-a7a63d3b54ac}" />
	<object class="GainEffect" id="{a56efb04-b9ab-4e18-8b9f-633efd9e1869}">
		<relationship name="automators">
			<destination>{e1adfa92-9fdd-4b25-8fb4-62eae07b4df4}</destination>
		</relationship>
	</object>
	<object class="ThreeEQEffect" id="{c112266b-79cc-445a-88a2-bfd79c030422}">
		<relationship name="automators">
			<destination>{f02c1cd1-26a4-4691-be46-4c9c7bf94826}</destination>
			<destination>{b750645d-9eba-4f1e-bb7f-2b04dea57194}</destination>
			<destination>{56a5cda1-c0ad-4298-be19-5e509d889f5d}</destination>
		</relationship>
	</object>
	<object class="AutomationCurve" id="{7f486ed1-1daa-444b-a67f-b737819e2985}">
		<relationship name="parameter">
			<destination>{b1af5d07-ace3-40af-8d25-7f1a284a4b67}</destination>
		</relationship>
		<relationship name="automationPoints">
			<destination>{493951ca-6f04-4699-bbd5-59fba93c3e50}</destination>
			<destination>{8014152a-6c62-490b-bb1e-2c3ca8b09260}</destination>
		</relationship>
	</object>
	<object class="AutomationPoint" id="{25551a4b-2c65-4ff5-9589-7f818aaae050}">
		<property name="position">
			<value>0</value>
		</property>
		<property name="value">
			<value>0</value>
		</property>
		<property name="curveShape">
			<value>-0.2547189</value>
		</property>
	</object>
	<object class="AutomationPoint" id="{f4e389a6-bdfe-4b09-b7cd-224bf635cdee}">
		<property name="position">
			<value>0.029999999999999999</value>
		</property>
		<property name="value">
			<value>1</value>
		</property>
	</object>
	<object class="AutomationPoint" id="{00046608-922d-47b8-9b07-04a52df733eb}">
		<property name="position">
			<value>0.8999999999999998</value>
		</property>
		<property name="value">
			<value>1</value>
		</property>
		<property name="curveShape">
			<value>0.309459537</value>
		</property>
	</object>
	<object class="AutomationPoint" id="{8843bda1-7498-499a-ae24-47dc87512cf7}">
		<property name="position">
			<value>0.99999999999999967</value>
		</property>
		<property name="value">
			<value>0</value>
		</property>
	</object>
	<object class="SingleSound" id="{fef143b5-f384-4270-9795-c4b8d10a5a55}">
		<property name="volume">
			<value>-1</value>
		</property>
		<relationship name="audioFile">
			<destination>{1c657b77-1a23-46fc-9907-63b235796f47}</destination>
		</relationship>
	</object>
	<object class="SingleSound" id="{c99974dd-f46f-46ac-bf74-53696d8f6a36}">
		<property name="volume">
			<value>-7.5</value>
		</property>
		<relationship name="audioFile">
			<destination>{8bf55dc1-180c-4782-b56e-6f8484c7b972}</destination>
		</relationship>
	</object>
	<object class="SingleSound" id="{bec61978-973e-425f-91da-9cc02b3eb285}">
		<property name="volume">
			<value>-7.5</value>
		</property>
		<relationship name="audioFile">
			<destination>{2c607a2a-dede-423d-9aa4-6a9cccb5b1cc}</destination>
		</relationship>
	</object>
	<object class="SingleSound" id="{091d5a23-f060-49a5-b4a4-fe9a3a45198b}">
		<property name="volume">
			<value>-6.5</value>
		</property>
		<relationship name="audioFile">
			<destination>{45a3d818-226d-4715-a244-a053cd4480bb}</destination>
		</relationship>
	</object>
	<object class="MixerBusFader" id="{f3a542be-fb1e-4ec4-b490-f013bcde0652}" />
	<object class="GainEffect" id="{f1272dcb-f092-46a2-b3be-ced53a60580a}">
		<relationship name="automators">
			<destination>{0213cdee-3142-4eeb-b175-65f55a255ef9}</destination>
		</relationship>
	</object>
	<object class="ThreeEQEffect" id="{2778ad76-b1cd-456b-951d-dbc4c2d024c1}">
		<relationship name="automators">
			<destination>{23425345-ec78-4664-8cd5-dd140260da9f}</destination>
			<destination>{49a33489-e092-4ffa-8558-6804cbe905c9}</destination>
			<destination>{0243cd69-817e-457e-80f7-08476d8291c2}</destination>
		</relationship>
	</object>
	<object class="Automator" id="{6d99ad65-0405-42ae-9252-b7465fd17434}">
		<property name="nameOfPropertyBeingAutomated">
			<value>gain</value>
		</property>
		<relationship name="automationCurves">
			<destination>{1571301e-bfcf-4a7d-b20d-21b4a392ad97}</destination>
		</relationship>
	</object>
	<object class="Automator" id="{441776db-3603-48b0-afe4-a3a3ffc0557d}">
		<property name="nameOfPropertyBeingAutomated">
			<value>lowGain</value>
		</property>
		<relationship name="automationCurves">
			<destination>{3433cc7b-51bf-40c1-bb82-89a45a6d6a2d}</destination>
		</relationship>
	</object>
	<object class="Automator" id="{f4b6fe15-6012-4d2c-b498-25641c4cc92f}">
		<property name="nameOfPropertyBeingAutomated">
			<value>midGain</value>
		</property>
		<relationship name="automationCurves">
			<destination>{8936a9d9-ca0f-4787-8909-111c72e51457}</destination>
		</relationship>
	</object>
	<object class="Automator" id="{2177d765-b7a2-4014-baaa-b10491f50201}">
		<property name="nameOfPropertyBeingAutomated">
			<value>highGain</value>
		</property>
		<relationship name="automationCurves">
			<destination>{3b754b5c-f400-45a0-83b9-5433088b1902}</destination>
		</relationship>
	</object>
	<object class="AutomationPoint" id="{cb2404fe-0b54-496c-bc83-f833e87e1bc2}">
		<property name="position">
			<value>0</value>
		</property>
		<property name="value">
			<value>0</value>
		</property>
	</object>
	<object class="AutomationPoint" id="{219f8ab3-aff1-4417-b001-0daa042e6f54}">
		<property name="position">
			<value>0.99293785310734461</value>
		</property>
		<property name="value">
			<value>30</value>
		</property>
	</object>
	<object class="Automator" id="{e1adfa92-9fdd-4b25-8fb4-62eae07b4df4}">
		<property name="nameOfPropertyBeingAutomated">
			<value>gain</value>
		</property>
		<relationship name="automationCurves">
			<destination>{117adedb-78a5-4a16-8a08-bfc656d33048}</destination>
		</relationship>
	</object>
	<object class="Automator" id="{f02c1cd1-26a4-4691-be46-4c9c7bf94826}">
		<property name="nameOfPropertyBeingAutomated">
			<value>highGain</value>
		</property>
		<relationship name="automationCurves">
			<destination>{07c5f97c-7b51-4ca3-9ba1-298bb7189108}</destination>
		</relationship>
	</object>
	<object class="Automator" id="{b750645d-9eba-4f1e-bb7f-2b04dea57194}">
		<property name="nameOfPropertyBeingAutomated">
			<value>midGain</value>
		</property>
		<relationship name="automationCurves">
			<destination>{4ebff473-de5c-467e-93b7-513657daf2a3}</destination>
		</relationship>
	</object>
	<object class="Automator" id="{56a5cda1-c0ad-4298-be19-5e509d889f5d}">
		<property name="nameOfPropertyBeingAutomated">
			<value>lowGain</value>
		</property>
		<relationship name="automationCurves">
			<destination>{5516ff7a-eeaf-4d0d-b39e-0c4c57ec5b28}</destination>
		</relationship>
	</object>
	<object class="AutomationPoint" id="{493951ca-6f04-4699-bbd5-59fba93c3e50}">
		<property name="position">
			<value>0.012711864406779662</value>
		</property>
		<property name="value">
			<value>0</value>
		</property>
	</object>
	<object class="AutomationPoint" id="{8014152a-6c62-490b-bb1e-2c3ca8b09260}">
		<property name="position">
			<value>0.98728813559322037</value>
		</property>
		<property name="value">
			<value>60</value>
		</property>
	</object>
	<object class="Automator" id="{0213cdee-3142-4eeb-b175-65f55a255ef9}">
		<property name="nameOfPropertyBeingAutomated">
			<value>gain</value>
		</property>
		<relationship name="automationCurves">
			<destination>{0b507079-1703-48fe-8986-a8ea2f005a2a}</destination>
		</relationship>
	</object>
	<object class="Automator" id="{23425345-ec78-4664-8cd5-dd140260da9f}">
		<property name="nameOfPropertyBeingAutomated">
			<value>lowGain</value>
		</property>
		<relationship name="automationCurves">
			<destination>{edb40769-6627-4068-a516-832dc98fee1d}</destination>
		</relationship>
	</object>
	<object class="Automator" id="{49a33489-e092-4ffa-8558-6804cbe905c9}">
		<property name="nameOfPropertyBeingAutomated">
			<value>midGain</value>
		</property>
		<relationship name="automationCurves">
			<destination>{8c83a42e-1890-4190-a1db-3cf7e7cf56fa}</destination>
		</relationship>
	</object>
	<object class="Automator" id="{0243cd69-817e-457e-80f7-08476d8291c2}">
		<property name="nameOfPropertyBeingAutomated">
			<value>highGain</value>
		</property>
		<relationship name="automationCurves">
			<destination>{5313a38a-4953-4a50-b558-f189c64e3280}</destination>
		</relationship>
	</object>
	<object class="AutomationCurve" id="{1571301e-bfcf-4a7d-b20d-21b4a392ad97}">
		<relationship name="parameter">
			<destination>{fcd3ed19-9677-43ea-955d-1d7911da80f2}</destination>
		</relationship>
		<relationship name="automationPoints">
			<destination>{57e2ba7c-c7ca-4238-b0d6-7df04f169232}</destination>
			<destination>{7a01e97f-1bba-46e5-9690-c2ee86616df9}</destination>
			<destination>{61b5430e-0a1f-4993-aeb5-49fc3d8b2013}</destination>
		</relationship>
	</object>
	<object class="AutomationCurve" id="{3433cc7b-51bf-40c1-bb82-89a45a6d6a2d}">
		<relationship name="parameter">
			<destination>{5900c348-f1d7-4be6-8060-a28ff5e11312}</destination>
		</relationship>
		<relationship name="automationPoints">
			<destination>{d27ca467-5abb-476a-a63c-d064c2aa45ab}</destination>
			<destination>{b152ab23-0860-4e04-a82d-5a1558c88ae6}</destination>
		</relationship>
	</object>
	<object class="AutomationCurve" id="{8936a9d9-ca0f-4787-8909-111c72e51457}">
		<relationship name="parameter">
			<destination>{5900c348-f1d7-4be6-8060-a28ff5e11312}</destination>
		</relationship>
		<relationship name="automationPoints">
			<destination>{cc5425f8-7fd9-4457-b11e-65d2f474d3c8}</destination>
			<destination>{0e5cb0f0-1925-4583-8751-b5cc1e578991}</destination>
		</relationship>
	</object>
	<object class="AutomationCurve" id="{3b754b5c-f400-45a0-83b9-5433088b1902}">
		<relationship name="parameter">
			<destination>{5900c348-f1d7-4be6-8060-a28ff5e11312}</destination>
		</relationship>
		<relationship name="automationPoints">
			<destination>{2a3f1aa6-1c05-4907-a1fa-f366f99acaf9}</destination>
			<destination>{a3d52754-e5f8-4df3-af03-33314bd9d605}</destination>
		</relationship>
	</object>
	<object class="AutomationCurve" id="{117adedb-78a5-4a16-8a08-bfc656d33048}">
		<relationship name="parameter">
			<destination>{fcd3ed19-9677-43ea-955d-1d7911da80f2}</destination>
		</relationship>
		<relationship name="automationPoints">
			<destination>{fba6d5d8-46c2-4b56-8cc6-c09936271202}</destination>
			<destination>{619c9683-4baf-437d-a6a9-9ebcb9a9efab}</destination>
			<destination>{c05105e2-6cbb-4ec6-b703-73ce768778ff}</destination>
		</relationship>
	</object>
	<object class="AutomationCurve" id="{07c5f97c-7b51-4ca3-9ba1-298bb7189108}">
		<relationship name="parameter">
			<destination>{5900c348-f1d7-4be6-8060-a28ff5e11312}</destination>
		</relationship>
		<relationship name="automationPoints">
			<destination>{8891d683-fee5-4add-8f71-287a81e1afb6}</destination>
			<destination>{67a2551d-f6e8-4ebf-b78a-c98332ce4a91}</destination>
		</relationship>
	</object>
	<object class="AutomationCurve" id="{4ebff473-de5c-467e-93b7-513657daf2a3}">
		<relationship name="parameter">
			<destination>{5900c348-f1d7-4be6-8060-a28ff5e11312}</destination>
		</relationship>
		<relationship name="automationPoints">
			<destination>{6cbe07da-b409-42d8-8880-9637e4f86b7b}</destination>
			<destination>{03a401a2-7c3f-46b0-ad76-fa99d6fd2fca}</destination>
		</relationship>
	</object>
	<object class="AutomationCurve" id="{5516ff7a-eeaf-4d0d-b39e-0c4c57ec5b28}">
		<relationship name="parameter">
			<destination>{5900c348-f1d7-4be6-8060-a28ff5e11312}</destination>
		</relationship>
		<relationship name="automationPoints">
			<destination>{0ef8def6-5716-4dee-a2b8-c7d74d645566}</destination>
			<destination>{0f5a29a0-457b-4f2e-b928-120690000588}</destination>
		</relationship>
	</object>
	<object class="AutomationCurve" id="{0b507079-1703-48fe-8986-a8ea2f005a2a}">
		<relationship name="parameter">
			<destination>{fcd3ed19-9677-43ea-955d-1d7911da80f2}</destination>
		</relationship>
		<relationship name="automationPoints">
			<destination>{ac0f8227-35fc-43e0-aa69-b13229995dfd}</destination>
			<destination>{8ac15ce7-a6a5-4e1f-9299-ffe6abf1430e}</destination>
			<destination>{1c1ad478-e652-447f-9c12-b86323c9bbc5}</destination>
		</relationship>
	</object>
	<object class="AutomationCurve" id="{edb40769-6627-4068-a516-832dc98fee1d}">
		<relationship name="parameter">
			<destination>{5900c348-f1d7-4be6-8060-a28ff5e11312}</destination>
		</relationship>
		<relationship name="automationPoints">
			<destination>{5ff59050-d217-4b16-a94c-46bc0784c2b3}</destination>
			<destination>{3a3c66e1-75b0-4c4c-9dcd-68f76acc90d1}</destination>
		</relationship>
	</object>
	<object class="AutomationCurve" id="{8c83a42e-1890-4190-a1db-3cf7e7cf56fa}">
		<relationship name="parameter">
			<destination>{5900c348-f1d7-4be6-8060-a28ff5e11312}</destination>
		</relationship>
		<relationship name="automationPoints">
			<destination>{c2b5fd10-cc64-477c-8569-045c429e7103}</destination>
			<destination>{83cdacb5-e93c-43d0-95a4-5bf121122a8e}</destination>
		</relationship>
	</object>
	<object class="AutomationCurve" id="{5313a38a-4953-4a50-b558-f189c64e3280}">
		<relationship name="parameter">
			<destination>{5900c348-f1d7-4be6-8060-a28ff5e11312}</destination>
		</relationship>
		<relationship name="automationPoints">
			<destination>{a1d7a825-1acf-4b0e-bd89-1708bcb6c070}</destination>
			<destination>{83c858f7-1052-4413-b171-528e65e25556}</destination>
		</relationship>
	</object>
	<object class="AutomationPoint" id="{57e2ba7c-c7ca-4238-b0d6-7df04f169232}">
		<property name="position">
			<value>0.70000000000000007</value>
		</property>
		<property name="value">
			<value>6</value>
		</property>
	</object>
	<object class="AutomationPoint" id="{7a01e97f-1bba-46e5-9690-c2ee86616df9}">
		<property name="position">
			<value>0</value>
		</property>
		<property name="value">
			<value>-80</value>
		</property>
		<property name="curveShape">
			<value>-0.301616788</value>
		</property>
	</object>
	<object class="AutomationPoint" id="{61b5430e-0a1f-4993-aeb5-49fc3d8b2013}">
		<property name="position">
			<value>1</value>
		</property>
		<property name="value">
			<value>10</value>
		</property>
	</object>
	<object class="AutomationPoint" id="{d27ca467-5abb-476a-a63c-d064c2aa45ab}">
		<property name="position">
			<value>0.0042372881355932203</value>
		</property>
		<property name="value">
			<value>3.81469727e-06</value>
		</property>
	</object>
	<object class="AutomationPoint" id="{b152ab23-0860-4e04-a82d-5a1558c88ae6}">
		<property name="position">
			<value>0.99011299435028244</value>
		</property>
		<property name="value">
			<value>-19</value>
		</property>
	</object>
	<object class="AutomationPoint" id="{cc5425f8-7fd9-4457-b11e-65d2f474d3c8}">
		<property name="position">
			<value>0.0014124293785310734</value>
		</property>
		<property name="value">
			<value>3.81469727e-06</value>
		</property>
	</object>
	<object class="AutomationPoint" id="{0e5cb0f0-1925-4583-8751-b5cc1e578991}">
		<property name="position">
			<value>1</value>
		</property>
		<property name="value">
			<value>-16</value>
		</property>
	</object>
	<object class="AutomationPoint" id="{2a3f1aa6-1c05-4907-a1fa-f366f99acaf9}">
		<property name="position">
			<value>0.015536723163841807</value>
		</property>
		<property name="value">
			<value>0</value>
		</property>
	</object>
	<object class="AutomationPoint" id="{a3d52754-e5f8-4df3-af03-33314bd9d605}">
		<property name="position">
			<value>0.99011299435028244</value>
		</property>
		<property name="value">
			<value>-19</value>
		</property>
	</object>
	<object class="AutomationPoint" id="{fba6d5d8-46c2-4b56-8cc6-c09936271202}">
		<property name="position">
			<value>0</value>
		</property>
		<property name="value">
			<value>-80</value>
		</property>
		<property name="curveShape">
			<value>-0.30062297</value>
		</property>
	</object>
	<object class="AutomationPoint" id="{619c9683-4baf-437d-a6a9-9ebcb9a9efab}">
		<property name="position">
			<value>0.99011299435028244</value>
		</property>
		<property name="value">
			<value>-6</value>
		</property>
	</object>
	<object class="AutomationPoint" id="{c05105e2-6cbb-4ec6-b703-73ce768778ff}">
		<property name="position">
			<value>0.7358757025401701</value>
		</property>
		<property name="value">
			<value>-7</value>
		</property>
	</object>
	<object class="AutomationPoint" id="{8891d683-fee5-4add-8f71-287a81e1afb6}">
		<property name="position">
			<value>0.0070621468926553672</value>
		</property>
		<property name="value">
			<value>3.81469727e-06</value>
		</property>
	</object>
	<object class="AutomationPoint" id="{67a2551d-f6e8-4ebf-b78a-c98332ce4a91}">
		<property name="position">
			<value>1</value>
		</property>
		<property name="value">
			<value>-80</value>
		</property>
	</object>
	<object class="AutomationPoint" id="{6cbe07da-b409-42d8-8880-9637e4f86b7b}">
		<property name="position">
			<value>0.0098870056497175132</value>
		</property>
		<property name="value">
			<value>3.81469727e-06</value>
		</property>
	</object>
	<object class="AutomationPoint" id="{03a401a2-7c3f-46b0-ad76-fa99d6fd2fca}">
		<property name="position">
			<value>0.99293785310734461</value>
		</property>
		<property name="value">
			<value>-80</value>
		</property>
	</object>
	<object class="AutomationPoint" id="{0ef8def6-5716-4dee-a2b8-c7d74d645566}">
		<property name="position">
			<value>0.0014124293785310734</value>
		</property>
		<property name="value">
			<value>3.81469727e-06</value>
		</property>
	</object>
	<object class="AutomationPoint" id="{0f5a29a0-457b-4f2e-b928-120690000588}">
		<property name="position">
			<value>1</value>
		</property>
		<property name="value">
			<value>-80</value>
		</property>
	</object>
	<object class="AutomationPoint" id="{ac0f8227-35fc-43e0-aa69-b13229995dfd}">
		<property name="position">
			<value>0</value>
		</property>
		<property name="value">
			<value>-80</value>
		</property>
		<property name="curveShape">
			<value>-0.372790813</value>
		</property>
	</object>
	<object class="AutomationPoint" id="{8ac15ce7-a6a5-4e1f-9299-ffe6abf1430e}">
		<property name="position">
			<value>0.99293785310734461</value>
		</property>
		<property name="value">
			<value>-9</value>
		</property>
	</object>
	<object class="AutomationPoint" id="{1c1ad478-e652-447f-9c12-b86323c9bbc5}">
		<property name="position">
			<value>0.76129943502824859</value>
		</property>
		<property name="value">
			<value>-9</value>
		</property>
	</object>
	<object class="AutomationPoint" id="{5ff59050-d217-4b16-a94c-46bc0784c2b3}">
		<property name="position">
			<value>0.0014124293785310734</value>
		</property>
		<property name="value">
			<value>3.81469727e-06</value>
		</property>
	</object>
	<object class="AutomationPoint" id="{3a3c66e1-75b0-4c4c-9dcd-68f76acc90d1}">
		<property name="position">
			<value>1</value>
		</property>
		<property name="value">
			<value>-80</value>
		</property>
	</object>
	<object class="AutomationPoint" id="{c2b5fd10-cc64-477c-8569-045c429e7103}">
		<property name="position">
			<value>0.0014124293785310734</value>
		</property>
		<property name="value">
			<value>3.81469727e-06</value>
		</property>
	</object>
	<object class="AutomationPoint" id="{83cdacb5-e93c-43d0-95a4-5bf121122a8e}">
		<property name="position">
			<value>1</value>
		</property>
		<property name="value">
			<value>-80</value>
		</property>
	</object>
	<object class="AutomationPoint" id="{a1d7a825-1acf-4b0e-bd89-1708bcb6c070}">
		<property name="position">
			<value>0.98728813559322037</value>
		</property>
		<property name="value">
			<value>-80</value>
		</property>
	</object>
	<object class="AutomationPoint" id="{83c858f7-1052-4413-b171-528e65e25556}">
		<property name="position">
			<value>0</value>
		</property>
		<property name="value">
			<value>0</value>
		</property>
	</object>
</objects>
