<?xml version="1.0" encoding="UTF-8"?>
<objects serializationModel="Studio.02.02.00">
	<object class="Event" id="{599e59ee-0213-43eb-823b-2b98e9c5b4b0}">
		<property name="name">
			<value>JumpLand</value>
		</property>
		<property name="outputFormat">
			<value>2</value>
		</property>
		<relationship name="folder">
			<destination>{edb32757-20f0-4df2-a3fe-ee3763c78543}</destination>
		</relationship>
		<relationship name="mixer">
			<destination>{b2e2dcf4-cf73-4540-91bf-54b5fb438863}</destination>
		</relationship>
		<relationship name="masterTrack">
			<destination>{7e086ead-1df9-4d1d-92de-ccbd1e40aa3f}</destination>
		</relationship>
		<relationship name="mixerInput">
			<destination>{434a5725-a790-42db-b257-65c10003e59e}</destination>
		</relationship>
		<relationship name="automatableProperties">
			<destination>{c12af781-b838-4a5f-ba07-c412d87d75f7}</destination>
		</relationship>
		<relationship name="markerTracks">
			<destination>{8c818842-03c8-434d-88dd-e10a9d1b86db}</destination>
		</relationship>
		<relationship name="groupTracks">
			<destination>{ed70a1b5-8015-486c-9c89-cc3ad628086b}</destination>
			<destination>{7808981c-cae5-4897-9579-4a54dc37dfad}</destination>
		</relationship>
		<relationship name="timeline">
			<destination>{ff1369c3-268f-4458-8868-9581ebaa600e}</destination>
		</relationship>
		<relationship name="parameters">
			<destination>{2cd60e27-05d3-44a2-8c81-7650a160039a}</destination>
			<destination>{d98b08ee-9183-4eb9-a220-71689f3b8dde}</destination>
		</relationship>
		<relationship name="banks">
			<destination>{e17f6469-3625-481d-a8d2-41e46a49a056}</destination>
		</relationship>
	</object>
	<object class="EventMixer" id="{b2e2dcf4-cf73-4540-91bf-54b5fb438863}">
		<relationship name="masterBus">
			<destination>{b60eaf76-4c55-497b-82a8-ff4db855ec8d}</destination>
		</relationship>
	</object>
	<object class="MasterTrack" id="{7e086ead-1df9-4d1d-92de-ccbd1e40aa3f}">
		<relationship name="mixerGroup">
			<destination>{b60eaf76-4c55-497b-82a8-ff4db855ec8d}</destination>
		</relationship>
	</object>
	<object class="MixerInput" id="{434a5725-a790-42db-b257-65c10003e59e}">
		<relationship name="effectChain">
			<destination>{0f82f0aa-d12c-4c3b-aaca-434f48ce6ebb}</destination>
		</relationship>
		<relationship name="panner">
			<destination>{89f87a0d-1173-4353-9c21-5cb0693228ea}</destination>
		</relationship>
		<relationship name="output">
			<destination>{8457f3b8-9c31-4e76-9f47-0125e7be0037}</destination>
		</relationship>
	</object>
	<object class="EventAutomatableProperties" id="{c12af781-b838-4a5f-ba07-c412d87d75f7}" />
	<object class="MarkerTrack" id="{8c818842-03c8-434d-88dd-e10a9d1b86db}" />
	<object class="GroupTrack" id="{ed70a1b5-8015-486c-9c89-cc3ad628086b}">
		<relationship name="automationTracks">
			<destination>{b961a533-84ff-425a-9376-8052c14ad3fb}</destination>
			<destination>{3d7393a0-e32b-4fa6-bf89-06f2224b7163}</destination>
		</relationship>
		<relationship name="modules">
			<destination>{1da6f3bd-82a2-4cb1-9e41-1a0328ce81bd}</destination>
		</relationship>
		<relationship name="mixerGroup">
			<destination>{6e89be5d-8b34-4619-85b5-03f29cdd367f}</destination>
		</relationship>
	</object>
	<object class="GroupTrack" id="{7808981c-cae5-4897-9579-4a54dc37dfad}">
		<relationship name="automationTracks">
			<destination>{59877c00-69f7-4ef4-9176-dce25b3cbac8}</destination>
			<destination>{8ca8a5d7-2422-413a-af23-27773299317c}</destination>
		</relationship>
		<relationship name="modules">
			<destination>{e67b05c9-3659-45ab-b0e7-c393bb7c8849}</destination>
		</relationship>
		<relationship name="mixerGroup">
			<destination>{f6796cb0-380d-4427-a42e-99ac616c2c68}</destination>
		</relationship>
	</object>
	<object class="Timeline" id="{ff1369c3-268f-4458-8868-9581ebaa600e}" />
	<object class="ParameterProxy" id="{2cd60e27-05d3-44a2-8c81-7650a160039a}">
		<relationship name="modules">
			<destination>{1da6f3bd-82a2-4cb1-9e41-1a0328ce81bd}</destination>
			<destination>{e67b05c9-3659-45ab-b0e7-c393bb7c8849}</destination>
		</relationship>
		<relationship name="preset">
			<destination>{6a2331a9-95cd-45ff-a5b8-d707a3b88eb6}</destination>
		</relationship>
	</object>
	<object class="ParameterProxy" id="{d98b08ee-9183-4eb9-a220-71689f3b8dde}">
		<relationship name="preset">
			<destination>{e5c13134-b82e-4e78-9631-abb1bf27848c}</destination>
		</relationship>
	</object>
	<object class="EventMixerMaster" id="{b60eaf76-4c55-497b-82a8-ff4db855ec8d}">
		<relationship name="effectChain">
			<destination>{4f4da17f-9cf8-41ba-a17f-043f9dd015f9}</destination>
		</relationship>
		<relationship name="panner">
			<destination>{cb3a85b9-6293-45e3-8c13-f02bc73bdb85}</destination>
		</relationship>
		<relationship name="mixer">
			<destination>{b2e2dcf4-cf73-4540-91bf-54b5fb438863}</destination>
		</relationship>
	</object>
	<object class="MixerBusEffectChain" id="{0f82f0aa-d12c-4c3b-aaca-434f48ce6ebb}">
		<relationship name="effects">
			<destination>{e641330f-2d64-4ca1-be37-abd58e58444a}</destination>
		</relationship>
	</object>
	<object class="MixerBusPanner" id="{89f87a0d-1173-4353-9c21-5cb0693228ea}" />
	<object class="AutomationTrack" id="{b961a533-84ff-425a-9376-8052c14ad3fb}">
		<relationship name="automator">
			<destination>{3dd083be-17e6-4ca6-86ee-e5c9b89a4916}</destination>
		</relationship>
	</object>
	<object class="AutomationTrack" id="{3d7393a0-e32b-4fa6-bf89-06f2224b7163}">
		<relationship name="automator">
			<destination>{1ef677fb-0f18-4692-83b8-d60532004615}</destination>
		</relationship>
	</object>
	<object class="SingleSound" id="{1da6f3bd-82a2-4cb1-9e41-1a0328ce81bd}">
		<relationship name="audioFile">
			<destination>{7ff8f625-32a3-4738-be12-919419b54a9a}</destination>
		</relationship>
	</object>
	<object class="EventMixerGroup" id="{6e89be5d-8b34-4619-85b5-03f29cdd367f}">
		<property name="name">
			<value>Jump</value>
		</property>
		<relationship name="automators">
			<destination>{3dd083be-17e6-4ca6-86ee-e5c9b89a4916}</destination>
		</relationship>
		<relationship name="effectChain">
			<destination>{bf8c1851-db76-424c-be46-754ddfc8c4c9}</destination>
		</relationship>
		<relationship name="panner">
			<destination>{0c0635c4-0aae-4273-9e4c-c8f83a8b71ce}</destination>
		</relationship>
		<relationship name="output">
			<destination>{b60eaf76-4c55-497b-82a8-ff4db855ec8d}</destination>
		</relationship>
	</object>
	<object class="AutomationTrack" id="{59877c00-69f7-4ef4-9176-dce25b3cbac8}">
		<relationship name="automator">
			<destination>{d881e6d0-63b2-44c7-9f00-753e0b8dfa88}</destination>
		</relationship>
	</object>
	<object class="AutomationTrack" id="{8ca8a5d7-2422-413a-af23-27773299317c}">
		<relationship name="automator">
			<destination>{459eeb70-2090-4e09-a7c5-f105caa3291c}</destination>
		</relationship>
	</object>
	<object class="SingleSound" id="{e67b05c9-3659-45ab-b0e7-c393bb7c8849}">
		<property name="start">
			<value>1</value>
		</property>
		<relationship name="audioFile">
			<destination>{3d8ac8e1-db9d-4e33-a9de-837104862fc7}</destination>
		</relationship>
	</object>
	<object class="EventMixerGroup" id="{f6796cb0-380d-4427-a42e-99ac616c2c68}">
		<property name="volume">
			<value>-78</value>
		</property>
		<property name="name">
			<value>Land</value>
		</property>
		<relationship name="automators">
			<destination>{d881e6d0-63b2-44c7-9f00-753e0b8dfa88}</destination>
		</relationship>
		<relationship name="effectChain">
			<destination>{99de82c4-5c0f-4114-a75a-61a863c6ee15}</destination>
		</relationship>
		<relationship name="panner">
			<destination>{64b41c91-d9b9-43b8-8f7e-3194718e71ac}</destination>
		</relationship>
		<relationship name="output">
			<destination>{b60eaf76-4c55-497b-82a8-ff4db855ec8d}</destination>
		</relationship>
	</object>
	<object class="MixerBusEffectChain" id="{4f4da17f-9cf8-41ba-a17f-043f9dd015f9}">
		<relationship name="effects">
			<destination>{cef012d3-569f-4b7b-9e63-13958e221a79}</destination>
			<destination>{55f2b4d2-7874-4921-b015-632db7d40ace}</destination>
		</relationship>
	</object>
	<object class="MixerBusPanner" id="{cb3a85b9-6293-45e3-8c13-f02bc73bdb85}" />
	<object class="MixerBusFader" id="{e641330f-2d64-4ca1-be37-abd58e58444a}" />
	<object class="Automator" id="{3dd083be-17e6-4ca6-86ee-e5c9b89a4916}">
		<property name="nameOfPropertyBeingAutomated">
			<value>volume</value>
		</property>
		<relationship name="automationCurves">
			<destination>{8603da32-12b9-4e5d-88fd-a205bf051783}</destination>
		</relationship>
	</object>
	<object class="MixerBusEffectChain" id="{bf8c1851-db76-424c-be46-754ddfc8c4c9}">
		<relationship name="effects">
			<destination>{51ffb898-ad4d-459d-bfaf-5ff5fcffe6bd}</destination>
			<destination>{3a4e3014-3dc4-475c-8b86-9ba20325f517}</destination>
			<destination>{85488614-d648-4179-aef0-f00fa15743ad}</destination>
		</relationship>
	</object>
	<object class="MixerBusPanner" id="{0c0635c4-0aae-4273-9e4c-c8f83a8b71ce}" />
	<object class="Automator" id="{d881e6d0-63b2-44c7-9f00-753e0b8dfa88}">
		<property name="nameOfPropertyBeingAutomated">
			<value>volume</value>
		</property>
		<relationship name="automationCurves">
			<destination>{73729e4b-5052-4252-a7b3-a2fe484a1efe}</destination>
		</relationship>
	</object>
	<object class="MixerBusEffectChain" id="{99de82c4-5c0f-4114-a75a-61a863c6ee15}">
		<relationship name="effects">
			<destination>{a159585f-9594-4a0e-b6eb-019ee11595b6}</destination>
			<destination>{14219db0-3f68-4b29-803b-ba4c78249826}</destination>
			<destination>{b5e1a4f9-19fb-42b2-af23-07fd98a78a76}</destination>
		</relationship>
	</object>
	<object class="MixerBusPanner" id="{64b41c91-d9b9-43b8-8f7e-3194718e71ac}" />
	<object class="MixerBusFader" id="{cef012d3-569f-4b7b-9e63-13958e221a79}" />
	<object class="SpatialiserEffect" id="{55f2b4d2-7874-4921-b015-632db7d40ace}" />
	<object class="AutomationCurve" id="{8603da32-12b9-4e5d-88fd-a205bf051783}">
		<relationship name="parameter">
			<destination>{6a2331a9-95cd-45ff-a5b8-d707a3b88eb6}</destination>
		</relationship>
		<relationship name="automationPoints">
			<destination>{2946d1f5-ea5e-41d8-a0a6-52cdfb7aeec5}</destination>
			<destination>{7afa896a-4bec-47e9-9764-e824595df626}</destination>
		</relationship>
	</object>
	<object class="MixerBusFader" id="{51ffb898-ad4d-459d-bfaf-5ff5fcffe6bd}" />
	<object class="HighpassEffect" id="{3a4e3014-3dc4-475c-8b86-9ba20325f517}">
		<property name="cutoff">
			<value>180</value>
		</property>
	</object>
	<object class="SFXReverbEffect" id="{85488614-d648-4179-aef0-f00fa15743ad}">
		<relationship name="automators">
			<destination>{1ef677fb-0f18-4692-83b8-d60532004615}</destination>
		</relationship>
	</object>
	<object class="AutomationCurve" id="{73729e4b-5052-4252-a7b3-a2fe484a1efe}">
		<relationship name="parameter">
			<destination>{6a2331a9-95cd-45ff-a5b8-d707a3b88eb6}</destination>
		</relationship>
		<relationship name="automationPoints">
			<destination>{1e70b56b-c930-4048-b412-fd71d5aac833}</destination>
			<destination>{dab8c6f9-5ddb-4ba8-9f57-2e2fbc6b8a4c}</destination>
		</relationship>
	</object>
	<object class="MixerBusFader" id="{a159585f-9594-4a0e-b6eb-019ee11595b6}" />
	<object class="HighpassEffect" id="{14219db0-3f68-4b29-803b-ba4c78249826}">
		<property name="cutoff">
			<value>160</value>
		</property>
	</object>
	<object class="SFXReverbEffect" id="{b5e1a4f9-19fb-42b2-af23-07fd98a78a76}">
		<relationship name="automators">
			<destination>{459eeb70-2090-4e09-a7c5-f105caa3291c}</destination>
		</relationship>
	</object>
	<object class="AutomationPoint" id="{2946d1f5-ea5e-41d8-a0a6-52cdfb7aeec5}">
		<property name="position">
			<value>0</value>
		</property>
		<property name="value">
			<value>-22</value>
		</property>
	</object>
	<object class="AutomationPoint" id="{7afa896a-4bec-47e9-9764-e824595df626}">
		<property name="position">
			<value>1</value>
		</property>
		<property name="value">
			<value>-80</value>
		</property>
	</object>
	<object class="Automator" id="{1ef677fb-0f18-4692-83b8-d60532004615}">
		<property name="nameOfPropertyBeingAutomated">
			<value>wetLevel</value>
		</property>
		<relationship name="automationCurves">
			<destination>{10dc680c-5022-43ee-8c4e-cdb827834045}</destination>
		</relationship>
	</object>
	<object class="AutomationPoint" id="{1e70b56b-c930-4048-b412-fd71d5aac833}">
		<property name="position">
			<value>0</value>
		</property>
		<property name="value">
			<value>-80</value>
		</property>
	</object>
	<object class="AutomationPoint" id="{dab8c6f9-5ddb-4ba8-9f57-2e2fbc6b8a4c}">
		<property name="position">
			<value>1</value>
		</property>
		<property name="value">
			<value>-22</value>
		</property>
	</object>
	<object class="Automator" id="{459eeb70-2090-4e09-a7c5-f105caa3291c}">
		<property name="nameOfPropertyBeingAutomated">
			<value>wetLevel</value>
		</property>
		<relationship name="automationCurves">
			<destination>{68c9b809-6a6a-4186-b1c4-aee549a5a7df}</destination>
		</relationship>
	</object>
	<object class="AutomationCurve" id="{10dc680c-5022-43ee-8c4e-cdb827834045}">
		<relationship name="parameter">
			<destination>{e5c13134-b82e-4e78-9631-abb1bf27848c}</destination>
		</relationship>
		<relationship name="automationPoints">
			<destination>{86826f06-a8c1-467f-b7ab-d378d47d97ed}</destination>
			<destination>{0b684deb-1524-4721-970c-619723a03a47}</destination>
		</relationship>
	</object>
	<object class="AutomationCurve" id="{68c9b809-6a6a-4186-b1c4-aee549a5a7df}">
		<relationship name="parameter">
			<destination>{e5c13134-b82e-4e78-9631-abb1bf27848c}</destination>
		</relationship>
		<relationship name="automationPoints">
			<destination>{68695680-f771-439d-bd37-2e31f68738dc}</destination>
			<destination>{4c5ec9f2-709f-42b7-8e78-6c3da26463d0}</destination>
		</relationship>
	</object>
	<object class="AutomationPoint" id="{86826f06-a8c1-467f-b7ab-d378d47d97ed}">
		<property name="position">
			<value>1</value>
		</property>
		<property name="value">
			<value>-6</value>
		</property>
	</object>
	<object class="AutomationPoint" id="{0b684deb-1524-4721-970c-619723a03a47}">
		<property name="position">
			<value>0</value>
		</property>
		<property name="value">
			<value>-80</value>
		</property>
	</object>
	<object class="AutomationPoint" id="{68695680-f771-439d-bd37-2e31f68738dc}">
		<property name="position">
			<value>0</value>
		</property>
		<property name="value">
			<value>-80</value>
		</property>
	</object>
	<object class="AutomationPoint" id="{4c5ec9f2-709f-42b7-8e78-6c3da26463d0}">
		<property name="position">
			<value>1</value>
		</property>
		<property name="value">
			<value>-6</value>
		</property>
	</object>
</objects>
