<?xml version="1.0" encoding="UTF-8"?>
<objects serializationModel="Studio.02.02.00">
	<object class="Event" id="{ca25a931-5e16-4f26-9c36-356dfe8431a0}">
		<property name="name">
			<value>MusicGameplay</value>
		</property>
		<property name="outputFormat">
			<value>0</value>
		</property>
		<relationship name="folder">
			<destination>{a2924eda-734f-4d25-873f-5205e2dfaba7}</destination>
		</relationship>
		<relationship name="mixer">
			<destination>{c8d9f8ce-4c3c-49bb-b80d-462b36a68d1f}</destination>
		</relationship>
		<relationship name="masterTrack">
			<destination>{cb86092d-bd70-45e2-98e4-ab6e7135dbcc}</destination>
		</relationship>
		<relationship name="mixerInput">
			<destination>{7e5bb12a-c6a7-4ab9-80fb-2dae49015555}</destination>
		</relationship>
		<relationship name="automatableProperties">
			<destination>{056f29f3-0b19-4f7d-aec2-ea170db1a8fa}</destination>
		</relationship>
		<relationship name="markerTracks">
			<destination>{7eff5a86-9874-474f-9837-c22e60f7fd75}</destination>
		</relationship>
		<relationship name="groupTracks">
			<destination>{3d8c1a9b-f91f-43a4-a490-a3386e26c52c}</destination>
		</relationship>
		<relationship name="timeline">
			<destination>{90f7a0fb-13dd-4d74-9937-e27495943a0b}</destination>
		</relationship>
		<relationship name="parameters">
			<destination>{53794aae-1fbc-4c51-9b43-5f68d7ddef54}</destination>
			<destination>{2e55caee-ce5a-4588-8b0e-0ad37364c11f}</destination>
		</relationship>
		<relationship name="banks">
			<destination>{eee7c55b-0989-4bab-8e7c-46db113835eb}</destination>
		</relationship>
	</object>
	<object class="EventMixer" id="{c8d9f8ce-4c3c-49bb-b80d-462b36a68d1f}">
		<relationship name="masterBus">
			<destination>{231ecad3-8746-4aab-9fcb-6fe03af66d97}</destination>
		</relationship>
	</object>
	<object class="MasterTrack" id="{cb86092d-bd70-45e2-98e4-ab6e7135dbcc}">
		<relationship name="automationTracks">
			<destination>{21d4546f-ad84-43d6-8182-f008c1822c73}</destination>
		</relationship>
		<relationship name="mixerGroup">
			<destination>{231ecad3-8746-4aab-9fcb-6fe03af66d97}</destination>
		</relationship>
	</object>
	<object class="MixerInput" id="{7e5bb12a-c6a7-4ab9-80fb-2dae49015555}">
		<relationship name="effectChain">
			<destination>{143d88a5-ab5e-4266-a651-6c49fd775915}</destination>
		</relationship>
		<relationship name="panner">
			<destination>{e4838c7b-8ec7-4110-83f0-7b4642f58585}</destination>
		</relationship>
		<relationship name="output">
			<destination>{80ac4d76-a4dc-4e0c-b27f-a587bed34226}</destination>
		</relationship>
	</object>
	<object class="EventAutomatableProperties" id="{056f29f3-0b19-4f7d-aec2-ea170db1a8fa}" />
	<object class="MarkerTrack" id="{7eff5a86-9874-474f-9837-c22e60f7fd75}" />
	<object class="GroupTrack" id="{3d8c1a9b-f91f-43a4-a490-a3386e26c52c}">
		<relationship name="automationTracks">
			<destination>{71822ac8-6ca0-4899-bc2f-76c5da3bc866}</destination>
			<destination>{b51fc9a8-1e90-4ead-8802-767a8d586958}</destination>
			<destination>{0860a2b4-fac6-4f0f-9b6c-46f0e8fd0d4d}</destination>
		</relationship>
		<relationship name="modules">
			<destination>{59be9097-ab62-4397-bef5-759ffd4e08ae}</destination>
		</relationship>
		<relationship name="mixerGroup">
			<destination>{062fb94a-ac68-4623-a5af-ae52c9be8134}</destination>
		</relationship>
	</object>
	<object class="Timeline" id="{90f7a0fb-13dd-4d74-9937-e27495943a0b}" />
	<object class="ParameterProxy" id="{53794aae-1fbc-4c51-9b43-5f68d7ddef54}">
		<relationship name="modules">
			<destination>{59be9097-ab62-4397-bef5-759ffd4e08ae}</destination>
		</relationship>
		<relationship name="preset">
			<destination>{fcd3ed19-9677-43ea-955d-1d7911da80f2}</destination>
		</relationship>
	</object>
	<object class="ParameterProxy" id="{2e55caee-ce5a-4588-8b0e-0ad37364c11f}">
		<relationship name="preset">
			<destination>{5900c348-f1d7-4be6-8060-a28ff5e11312}</destination>
		</relationship>
	</object>
	<object class="EventMixerMaster" id="{231ecad3-8746-4aab-9fcb-6fe03af66d97}">
		<relationship name="effectChain">
			<destination>{85fd63eb-dcc9-4c3e-b1fe-6bb0c6f75866}</destination>
		</relationship>
		<relationship name="panner">
			<destination>{de8e4316-b931-4510-8268-6c1199670948}</destination>
		</relationship>
		<relationship name="mixer">
			<destination>{c8d9f8ce-4c3c-49bb-b80d-462b36a68d1f}</destination>
		</relationship>
	</object>
	<object class="AutomationTrack" id="{21d4546f-ad84-43d6-8182-f008c1822c73}">
		<relationship name="automator">
			<destination>{b9b5cbeb-8ad3-47ef-9290-8b35d8e670b0}</destination>
		</relationship>
	</object>
	<object class="MixerBusEffectChain" id="{143d88a5-ab5e-4266-a651-6c49fd775915}">
		<relationship name="effects">
			<destination>{7fb673c1-6dbd-4fe5-9fd0-820f9b3eed53}</destination>
		</relationship>
	</object>
	<object class="MixerBusPanner" id="{e4838c7b-8ec7-4110-83f0-7b4642f58585}" />
	<object class="AutomationTrack" id="{71822ac8-6ca0-4899-bc2f-76c5da3bc866}">
		<relationship name="automator">
			<destination>{9b893292-45df-4fc2-a907-2acf78a54ba5}</destination>
		</relationship>
	</object>
	<object class="AutomationTrack" id="{b51fc9a8-1e90-4ead-8802-767a8d586958}">
		<relationship name="automator">
			<destination>{7b0f12b1-7f8c-4969-9fee-c94adf16e718}</destination>
		</relationship>
	</object>
	<object class="AutomationTrack" id="{0860a2b4-fac6-4f0f-9b6c-46f0e8fd0d4d}">
		<relationship name="automator">
			<destination>{705b7679-02ed-4049-804c-1eeb01b12b77}</destination>
		</relationship>
	</object>
	<object class="SingleSound" id="{59be9097-ab62-4397-bef5-759ffd4e08ae}">
		<relationship name="audioFile">
			<destination>{c0fcc124-aaf7-4022-a258-8fdb173ef0aa}</destination>
		</relationship>
	</object>
	<object class="EventMixerGroup" id="{062fb94a-ac68-4623-a5af-ae52c9be8134}">
		<property name="volume">
			<value>-2</value>
		</property>
		<property name="name">
			<value>Audio 1</value>
		</property>
		<relationship name="effectChain">
			<destination>{f5505802-d460-4179-8691-cc03d3562e2f}</destination>
		</relationship>
		<relationship name="panner">
			<destination>{23e59a09-1922-40ac-abf4-6387711c5afa}</destination>
		</relationship>
		<relationship name="output">
			<destination>{231ecad3-8746-4aab-9fcb-6fe03af66d97}</destination>
		</relationship>
	</object>
	<object class="MixerBusEffectChain" id="{85fd63eb-dcc9-4c3e-b1fe-6bb0c6f75866}">
		<relationship name="effects">
			<destination>{c26397ea-aa02-4038-a824-a25a75cec705}</destination>
			<destination>{54e2d104-585a-4945-acce-7fb230ab4caf}</destination>
		</relationship>
	</object>
	<object class="MixerBusPanner" id="{de8e4316-b931-4510-8268-6c1199670948}" />
	<object class="MixerBusFader" id="{7fb673c1-6dbd-4fe5-9fd0-820f9b3eed53}" />
	<object class="MixerBusEffectChain" id="{f5505802-d460-4179-8691-cc03d3562e2f}">
		<relationship name="effects">
			<destination>{c4440ebb-e0a9-458d-9130-d04e771f8d6f}</destination>
			<destination>{ddca171d-10e5-4c7e-a0d0-9874c26379a6}</destination>
			<destination>{3ba00fcc-f116-45b6-8d3e-07c7e5f2ac2c}</destination>
		</relationship>
	</object>
	<object class="MixerBusPanner" id="{23e59a09-1922-40ac-abf4-6387711c5afa}" />
	<object class="MixerBusFader" id="{c26397ea-aa02-4038-a824-a25a75cec705}" />
	<object class="LimiterEffect" id="{54e2d104-585a-4945-acce-7fb230ab4caf}">
		<property name="boost">
			<value>1.10000002</value>
		</property>
		<property name="ceiling">
			<value>-0.200000003</value>
		</property>
		<property name="release">
			<value>1000</value>
		</property>
		<relationship name="automators">
			<destination>{b9b5cbeb-8ad3-47ef-9290-8b35d8e670b0}</destination>
		</relationship>
	</object>
	<object class="MixerBusFader" id="{c4440ebb-e0a9-458d-9130-d04e771f8d6f}" />
	<object class="GainEffect" id="{ddca171d-10e5-4c7e-a0d0-9874c26379a6}">
		<relationship name="automators">
			<destination>{9b893292-45df-4fc2-a907-2acf78a54ba5}</destination>
		</relationship>
	</object>
	<object class="MultibandEqEffect" id="{3ba00fcc-f116-45b6-8d3e-07c7e5f2ac2c}">
		<property name="frequencyA">
			<value>7490.58887</value>
		</property>
		<property name="qualityA">
			<value>0.639999986</value>
		</property>
		<relationship name="automators">
			<destination>{7b0f12b1-7f8c-4969-9fee-c94adf16e718}</destination>
			<destination>{705b7679-02ed-4049-804c-1eeb01b12b77}</destination>
		</relationship>
	</object>
	<object class="Automator" id="{b9b5cbeb-8ad3-47ef-9290-8b35d8e670b0}">
		<property name="nameOfPropertyBeingAutomated">
			<value>boost</value>
		</property>
		<relationship name="automationCurves">
			<destination>{92f29de1-9002-4306-bd82-533a4e63236d}</destination>
		</relationship>
	</object>
	<object class="Automator" id="{9b893292-45df-4fc2-a907-2acf78a54ba5}">
		<property name="nameOfPropertyBeingAutomated">
			<value>gain</value>
		</property>
		<relationship name="automationCurves">
			<destination>{342fc1c0-f4db-4503-8ef9-f2fdc4f9dd9d}</destination>
		</relationship>
	</object>
	<object class="Automator" id="{7b0f12b1-7f8c-4969-9fee-c94adf16e718}">
		<property name="nameOfPropertyBeingAutomated">
			<value>qualityA</value>
		</property>
		<relationship name="automationCurves">
			<destination>{78e2142a-ad62-4634-bd44-81d7e2c28d79}</destination>
		</relationship>
	</object>
	<object class="Automator" id="{705b7679-02ed-4049-804c-1eeb01b12b77}">
		<property name="nameOfPropertyBeingAutomated">
			<value>frequencyA</value>
		</property>
		<relationship name="automationCurves">
			<destination>{03731a4a-08f4-4dca-84bd-38957c650035}</destination>
		</relationship>
	</object>
	<object class="AutomationCurve" id="{92f29de1-9002-4306-bd82-533a4e63236d}">
		<relationship name="parameter">
			<destination>{90f7a0fb-13dd-4d74-9937-e27495943a0b}</destination>
		</relationship>
		<relationship name="automationPoints">
			<destination>{0273042b-8406-4dda-8dc9-59ff3eaaa56b}</destination>
			<destination>{b7199b6e-d52b-4888-a636-5b6be31d28d2}</destination>
			<destination>{3a90bb1a-60e6-4238-a827-f040d87cbae1}</destination>
		</relationship>
	</object>
	<object class="AutomationCurve" id="{342fc1c0-f4db-4503-8ef9-f2fdc4f9dd9d}">
		<relationship name="parameter">
			<destination>{fcd3ed19-9677-43ea-955d-1d7911da80f2}</destination>
		</relationship>
		<relationship name="automationPoints">
			<destination>{935a0047-8012-417c-845f-d6665e67cf12}</destination>
			<destination>{0d3ea958-fa07-440a-a33c-523c5ffe6e13}</destination>
		</relationship>
	</object>
	<object class="AutomationCurve" id="{78e2142a-ad62-4634-bd44-81d7e2c28d79}">
		<relationship name="parameter">
			<destination>{5900c348-f1d7-4be6-8060-a28ff5e11312}</destination>
		</relationship>
		<relationship name="automationPoints">
			<destination>{dbbb1509-bca2-4f51-bc32-073c0539aa4b}</destination>
			<destination>{3eaeb8a6-6f70-4ccf-8e32-38ab1d124a27}</destination>
		</relationship>
	</object>
	<object class="AutomationCurve" id="{03731a4a-08f4-4dca-84bd-38957c650035}">
		<relationship name="parameter">
			<destination>{5900c348-f1d7-4be6-8060-a28ff5e11312}</destination>
		</relationship>
		<relationship name="automationPoints">
			<destination>{342e54a6-5f1c-4ddf-a8dc-d6859386362a}</destination>
			<destination>{d8e0a203-006c-413e-8a80-313693b2dcb0}</destination>
		</relationship>
	</object>
	<object class="AutomationPoint" id="{0273042b-8406-4dda-8dc9-59ff3eaaa56b}">
		<property name="position">
			<value>52</value>
		</property>
		<property name="value">
			<value>8</value>
		</property>
	</object>
	<object class="AutomationPoint" id="{b7199b6e-d52b-4888-a636-5b6be31d28d2}">
		<property name="position">
			<value>67.631220683111948</value>
		</property>
		<property name="value">
			<value>8</value>
		</property>
	</object>
	<object class="AutomationPoint" id="{3a90bb1a-60e6-4238-a827-f040d87cbae1}">
		<property name="position">
			<value>60</value>
		</property>
		<property name="value">
			<value>9.80000019</value>
		</property>
	</object>
	<object class="AutomationPoint" id="{935a0047-8012-417c-845f-d6665e67cf12}">
		<property name="position">
			<value>0</value>
		</property>
		<property name="value">
			<value>-80</value>
		</property>
	</object>
	<object class="AutomationPoint" id="{0d3ea958-fa07-440a-a33c-523c5ffe6e13}">
		<property name="position">
			<value>0.98728813559322037</value>
		</property>
		<property name="value">
			<value>-2</value>
		</property>
	</object>
	<object class="AutomationPoint" id="{dbbb1509-bca2-4f51-bc32-073c0539aa4b}">
		<property name="position">
			<value>0</value>
		</property>
		<property name="value">
			<value>0.900000036</value>
		</property>
	</object>
	<object class="AutomationPoint" id="{3eaeb8a6-6f70-4ccf-8e32-38ab1d124a27}">
		<property name="position">
			<value>0.97598870056497178</value>
		</property>
		<property name="value">
			<value>1.30000007</value>
		</property>
	</object>
	<object class="AutomationPoint" id="{342e54a6-5f1c-4ddf-a8dc-d6859386362a}">
		<property name="position">
			<value>0.024011299435028249</value>
		</property>
		<property name="value">
			<value>7490.58984</value>
		</property>
	</object>
	<object class="AutomationPoint" id="{d8e0a203-006c-413e-8a80-313693b2dcb0}">
		<property name="position">
			<value>0.98163841807909602</value>
		</property>
		<property name="value">
			<value>130</value>
		</property>
	</object>
</objects>
