<?xml version="1.0" encoding="UTF-8"?>
<objects serializationModel="Studio.02.02.00">
	<object class="Event" id="{fa10ec72-e3c2-4669-a1fe-bb7a59dcd98b}">
		<property name="color">
			<value>Green</value>
		</property>
		<property name="name">
			<value>Voice</value>
		</property>
		<property name="outputFormat">
			<value>1</value>
		</property>
		<relationship name="folder">
			<destination>{eafc7c6b-4bec-47cf-804e-75b2794a132a}</destination>
		</relationship>
		<relationship name="mixer">
			<destination>{69c4e062-443b-423e-88fc-0aa561492235}</destination>
		</relationship>
		<relationship name="masterTrack">
			<destination>{d70aded9-8551-48c1-a321-51361b15bedd}</destination>
		</relationship>
		<relationship name="mixerInput">
			<destination>{2a756562-43de-4ca0-938a-209baa5697d6}</destination>
		</relationship>
		<relationship name="automatableProperties">
			<destination>{7c2d2bef-0c9f-4ffe-bd6c-c0006ea6b7c5}</destination>
		</relationship>
		<relationship name="markerTracks">
			<destination>{2e032583-80ae-45e9-883e-06ffb45fe269}</destination>
		</relationship>
		<relationship name="timeline">
			<destination>{ad741192-4ea8-4419-aa10-f3273eba77b2}</destination>
		</relationship>
		<relationship name="parameters">
			<destination>{4bbbb3b3-5b97-4494-b26e-f58aaa309289}</destination>
			<destination>{ef014226-412a-4274-bcbe-c81b24113244}</destination>
		</relationship>
		<relationship name="banks">
			<destination>{6d815c86-8323-4dde-a041-f6d559dc4e1e}</destination>
		</relationship>
	</object>
	<object class="EventMixer" id="{69c4e062-443b-423e-88fc-0aa561492235}">
		<relationship name="masterBus">
			<destination>{6dcc030c-f5f8-49af-8eb3-dedfe149bdf9}</destination>
		</relationship>
	</object>
	<object class="MasterTrack" id="{d70aded9-8551-48c1-a321-51361b15bedd}">
		<relationship name="automationTracks">
			<destination>{d307f24d-08c9-4985-bf3b-44b6415d8a7a}</destination>
		</relationship>
		<relationship name="modules">
			<destination>{3f892764-6f6e-4391-a432-141c470efbd4}</destination>
		</relationship>
		<relationship name="mixerGroup">
			<destination>{6dcc030c-f5f8-49af-8eb3-dedfe149bdf9}</destination>
		</relationship>
	</object>
	<object class="MixerInput" id="{2a756562-43de-4ca0-938a-209baa5697d6}">
		<relationship name="effectChain">
			<destination>{5dd81195-7992-4c1b-916a-174cc73a3209}</destination>
		</relationship>
		<relationship name="panner">
			<destination>{5df5c449-721c-4c19-8640-1316591a3c00}</destination>
		</relationship>
		<relationship name="output">
			<destination>{93e1c12a-16d4-455a-943e-2a9f2871d58a}</destination>
		</relationship>
	</object>
	<object class="EventAutomatableProperties" id="{7c2d2bef-0c9f-4ffe-bd6c-c0006ea6b7c5}">
		<property name="maxVoices">
			<value>1</value>
		</property>
		<property name="priority">
			<value>3</value>
		</property>
	</object>
	<object class="MarkerTrack" id="{2e032583-80ae-45e9-883e-06ffb45fe269}" />
	<object class="Timeline" id="{ad741192-4ea8-4419-aa10-f3273eba77b2}">
		<property name="isProxyEnabled">
			<value>false</value>
		</property>
	</object>
	<object class="ActionSheet" id="{4bbbb3b3-5b97-4494-b26e-f58aaa309289}">
		<relationship name="modules">
			<destination>{3f892764-6f6e-4391-a432-141c470efbd4}</destination>
		</relationship>
	</object>
	<object class="ParameterProxy" id="{ef014226-412a-4274-bcbe-c81b24113244}">
		<relationship name="preset">
			<destination>{e5c13134-b82e-4e78-9631-abb1bf27848c}</destination>
		</relationship>
	</object>
	<object class="EventMixerMaster" id="{6dcc030c-f5f8-49af-8eb3-dedfe149bdf9}">
		<relationship name="effectChain">
			<destination>{47676793-e7f4-48c4-85c5-faf612aa3be2}</destination>
		</relationship>
		<relationship name="panner">
			<destination>{466f363e-b573-45b6-94b1-b35091501ab7}</destination>
		</relationship>
		<relationship name="mixer">
			<destination>{69c4e062-443b-423e-88fc-0aa561492235}</destination>
		</relationship>
	</object>
	<object class="AutomationTrack" id="{d307f24d-08c9-4985-bf3b-44b6415d8a7a}">
		<relationship name="automator">
			<destination>{44f9c8c7-38f3-462b-a97c-73d855e8cb76}</destination>
		</relationship>
	</object>
	<object class="MultiSound" id="{3f892764-6f6e-4391-a432-141c470efbd4}">
		<relationship name="sounds">
			<destination>{f1e7bf0a-2218-4009-9956-a9993ed092d1}</destination>
		</relationship>
	</object>
	<object class="MixerBusEffectChain" id="{5dd81195-7992-4c1b-916a-174cc73a3209}">
		<relationship name="effects">
			<destination>{0264a2f0-d8ce-419b-84e6-8e9185ba57f2}</destination>
		</relationship>
	</object>
	<object class="MixerBusPanner" id="{5df5c449-721c-4c19-8640-1316591a3c00}" />
	<object class="MixerBusEffectChain" id="{47676793-e7f4-48c4-85c5-faf612aa3be2}">
		<relationship name="effects">
			<destination>{79040cda-5c9e-45fa-add3-bc86ca6776b4}</destination>
			<destination>{b11ebfc2-c5c4-4f66-b7e2-c5a1977cf60b}</destination>
		</relationship>
	</object>
	<object class="MixerBusPanner" id="{466f363e-b573-45b6-94b1-b35091501ab7}" />
	<object class="ProgrammerSound" id="{f1e7bf0a-2218-4009-9956-a9993ed092d1}">
		<relationship name="placeholder">
			<destination>{9a66b93c-93ff-4ad2-bfb7-77c3c31ad7d4}</destination>
		</relationship>
	</object>
	<object class="MixerBusFader" id="{0264a2f0-d8ce-419b-84e6-8e9185ba57f2}" />
	<object class="MixerBusFader" id="{79040cda-5c9e-45fa-add3-bc86ca6776b4}" />
	<object class="SFXReverbEffect" id="{b11ebfc2-c5c4-4f66-b7e2-c5a1977cf60b}">
		<relationship name="automators">
			<destination>{44f9c8c7-38f3-462b-a97c-73d855e8cb76}</destination>
		</relationship>
	</object>
	<object class="Automator" id="{44f9c8c7-38f3-462b-a97c-73d855e8cb76}">
		<property name="nameOfPropertyBeingAutomated">
			<value>wetLevel</value>
		</property>
		<relationship name="automationCurves">
			<destination>{2443b705-6ec7-47c9-a503-1cc59229c721}</destination>
		</relationship>
	</object>
	<object class="AutomationCurve" id="{2443b705-6ec7-47c9-a503-1cc59229c721}">
		<relationship name="parameter">
			<destination>{e5c13134-b82e-4e78-9631-abb1bf27848c}</destination>
		</relationship>
		<relationship name="automationPoints">
			<destination>{e3147a79-2a42-456d-9efa-a753bd95a3ac}</destination>
			<destination>{d7fe7552-ccf7-4869-9226-5d88e593c77c}</destination>
		</relationship>
	</object>
	<object class="AutomationPoint" id="{e3147a79-2a42-456d-9efa-a753bd95a3ac}">
		<property name="position">
			<value>0</value>
		</property>
		<property name="value">
			<value>-80</value>
		</property>
	</object>
	<object class="AutomationPoint" id="{d7fe7552-ccf7-4869-9226-5d88e593c77c}">
		<property name="position">
			<value>1</value>
		</property>
		<property name="value">
			<value>0</value>
		</property>
	</object>
</objects>
