<?xml version="1.0" encoding="UTF-8"?>
<objects serializationModel="Studio.02.02.00">
	<object class="AudioFile" id="{087286f7-7a4f-4e24-ae4f-a1b65028037e}">
		<property name="assetPath">
			<value>Footsteps/Run/Grass/Ellen_Footsteps_Grass_Run_17.ogg</value>
		</property>
		<property name="frequencyInKHz">
			<value>48</value>
		</property>
		<property name="channelCount">
			<value>2</value>
		</property>
		<property name="length">
			<value>0.32708333333333334</value>
		</property>
		<relationship name="masterAssetFolder">
			<destination>{04922d41-dea3-4e5a-a1d9-b5ee69425a8f}</destination>
		</relationship>
	</object>
</objects>
