<?xml version="1.0" encoding="UTF-8"?>
<objects serializationModel="Studio.02.02.00">
	<object class="AudioFile" id="{247709ee-0119-4215-b6b4-7f19f47d12cb}">
		<property name="assetPath">
			<value>Ambience/Abeja.wav</value>
		</property>
		<property name="frequencyInKHz">
			<value>44.0999985</value>
		</property>
		<property name="channelCount">
			<value>2</value>
		</property>
		<property name="length">
			<value>2.3221088435374151</value>
		</property>
		<relationship name="masterAssetFolder">
			<destination>{04922d41-dea3-4e5a-a1d9-b5ee69425a8f}</destination>
		</relationship>
	</object>
</objects>
