<?xml version="1.0" encoding="UTF-8"?>
<objects serializationModel="Studio.02.02.00">
	<object class="AudioFile" id="{c55c22bb-1ac6-4493-a69a-13109dc977ca}">
		<property name="color">
			<value>Green</value>
		</property>
		<property name="assetPath">
			<value>Doblaje/10.mp3</value>
		</property>
		<property name="frequencyInKHz">
			<value>44.0999985</value>
		</property>
		<property name="channelCount">
			<value>2</value>
		</property>
		<property name="length">
			<value>4.1534693877551021</value>
		</property>
		<relationship name="masterAssetFolder">
			<destination>{04922d41-dea3-4e5a-a1d9-b5ee69425a8f}</destination>
		</relationship>
	</object>
</objects>
