<?xml version="1.0" encoding="UTF-8"?>
<objects serializationModel="Studio.02.02.00">
	<object class="AudioFile" id="{d67de791-0ff6-4da1-a918-8bc2598efcbe}">
		<property name="assetPath">
			<value>Footsteps/Run/Grass/Ellen_Footsteps_Grass_Run_02.ogg</value>
		</property>
		<property name="frequencyInKHz">
			<value>48</value>
		</property>
		<property name="channelCount">
			<value>2</value>
		</property>
		<property name="length">
			<value>0.32604166666666667</value>
		</property>
		<relationship name="masterAssetFolder">
			<destination>{04922d41-dea3-4e5a-a1d9-b5ee69425a8f}</destination>
		</relationship>
	</object>
</objects>
