<?xml version="1.0" encoding="UTF-8"?>
<objects serializationModel="Studio.02.02.00">
	<object class="AudioFile" id="{ec16a3b9-95e4-4c6a-96e1-a1c6b09c8b21}">
		<property name="assetPath">
			<value>Footsteps/Walk/Grass/Ellen_Footsteps_Grass_Walk_06.ogg</value>
		</property>
		<property name="frequencyInKHz">
			<value>48</value>
		</property>
		<property name="channelCount">
			<value>2</value>
		</property>
		<property name="length">
			<value>0.63749999999999996</value>
		</property>
		<relationship name="masterAssetFolder">
			<destination>{04922d41-dea3-4e5a-a1d9-b5ee69425a8f}</destination>
		</relationship>
	</object>
</objects>
