<?xml version="1.0" encoding="UTF-8"?>
<objects serializationModel="Studio.02.02.00">
	<object class="Workspace" id="{8f821ac4-cb2d-42cc-a5ea-b0b310fb7d43}">
		<relationship name="masterEventFolder">
			<destination>{4b942b04-682d-4c29-90dc-8f944b7f82b3}</destination>
		</relationship>
		<relationship name="masterTagFolder">
			<destination>{20da1fc8-b34b-4dd1-b5a1-61f8cf0a1f44}</destination>
		</relationship>
		<relationship name="masterEffectPresetFolder">
			<destination>{2278c311-d92d-4ee6-9140-27a09d001e6c}</destination>
		</relationship>
		<relationship name="masterParameterPresetFolder">
			<destination>{b2a4c4da-4183-4873-9647-767926cc2b63}</destination>
		</relationship>
		<relationship name="masterBankFolder">
			<destination>{13a594a7-535b-4693-a7cf-6fba6d743d54}</destination>
		</relationship>
		<relationship name="masterSandboxFolder">
			<destination>{2adb4d22-6d1a-4139-88ee-e5b43fed5a73}</destination>
		</relationship>
		<relationship name="masterAssetFolder">
			<destination>{04922d41-dea3-4e5a-a1d9-b5ee69425a8f}</destination>
		</relationship>
		<relationship name="mixer">
			<destination>{e9160e0a-0c03-4bc2-9454-baaf7904dfc5}</destination>
		</relationship>
		<relationship name="profilerSessionFolder">
			<destination>{cc3cdb8d-0c71-4848-a37f-786844e0cd7b}</destination>
		</relationship>
		<relationship name="platforms">
			<destination>{f73111de-ef29-4de0-b10d-3d528d5db1c2}</destination>
		</relationship>
	</object>
</objects>
