<?xml version="1.0" encoding="UTF-8"?>
<objects serializationModel="Studio.02.02.00">
	<object class="MixerReturn" id="{82b6e7cd-97b9-4cad-a418-e76734370e1d}">
		<property name="overridingInputFormat">
			<value>2</value>
		</property>
		<property name="name">
			<value>Reverb</value>
		</property>
		<relationship name="effectChain">
			<destination>{76cfd972-6264-49ff-be7b-8235ef67bdd1}</destination>
		</relationship>
		<relationship name="panner">
			<destination>{b3ac5dfa-82c6-4215-9520-9a55e6d04c1a}</destination>
		</relationship>
		<relationship name="output">
			<destination>{80ac4d76-a4dc-4e0c-b27f-a587bed34226}</destination>
		</relationship>
	</object>
	<object class="MixerBusEffectChain" id="{76cfd972-6264-49ff-be7b-8235ef67bdd1}">
		<relationship name="effects">
			<destination>{fe0bd293-0ca6-4b71-8afd-e722d12f7fd0}</destination>
			<destination>{a6fdf1f9-a00f-42fc-8f42-999278568e25}</destination>
		</relationship>
	</object>
	<object class="MixerBusPanner" id="{b3ac5dfa-82c6-4215-9520-9a55e6d04c1a}" />
	<object class="SFXReverbEffect" id="{fe0bd293-0ca6-4b71-8afd-e722d12f7fd0}">
		<property name="wetLevel">
			<value>0</value>
		</property>
		<property name="dryLevel">
			<value>-80</value>
		</property>
	</object>
	<object class="MixerBusFader" id="{a6fdf1f9-a00f-42fc-8f42-999278568e25}" />
</objects>
