<?xml version="1.0" encoding="UTF-8"?>
<objects serializationModel="Studio.02.02.00">
	<object class="ParameterPreset" id="{41be9a3a-c91b-44ea-b480-1aa76f61af6f}">
		<property name="name">
			<value>CuevaAmbiente</value>
		</property>
		<relationship name="folder">
			<destination>{b2a4c4da-4183-4873-9647-767926cc2b63}</destination>
		</relationship>
		<relationship name="parameter">
			<destination>{25477c4a-eeec-4eda-bb59-d141195f9f06}</destination>
		</relationship>
	</object>
	<object class="GameParameter" id="{25477c4a-eeec-4eda-bb59-d141195f9f06}">
		<property name="initialValue">
			<value>0</value>
		</property>
	</object>
</objects>
