<?xml version="1.0" encoding="UTF-8"?>
<objects serializationModel="Studio.02.02.00">
	<object class="ParameterPreset" id="{4799f11a-da9b-4bbc-9d62-a7b23f412dbe}">
		<property name="name">
			<value>Speed Switch</value>
		</property>
		<relationship name="folder">
			<destination>{b2a4c4da-4183-4873-9647-767926cc2b63}</destination>
		</relationship>
		<relationship name="parameter">
			<destination>{8fcbe05d-e5c3-4797-8dc6-11f1978561ef}</destination>
		</relationship>
	</object>
	<object class="GameParameter" id="{8fcbe05d-e5c3-4797-8dc6-11f1978561ef}">
		<property name="parameterType">
			<value>2</value>
		</property>
		<property name="maximum">
			<value>2</value>
		</property>
		<property name="enumerationLabels">
			<value>Walking</value>
			<value>Running</value>
		</property>
		<property name="isHeld">
			<value>true</value>
		</property>
		<property name="initialValue">
			<value>0</value>
		</property>
		<property name="isExposedRecursively">
			<value>false</value>
		</property>
	</object>
</objects>
