<?xml version="1.0" encoding="UTF-8"?>
<objects serializationModel="Studio.02.02.00">
	<object class="ParameterPreset" id="{4df29e9d-1d4d-4532-bef8-924505a17e36}">
		<property name="name">
			<value>Reverb</value>
		</property>
		<relationship name="folder">
			<destination>{b2a4c4da-4183-4873-9647-767926cc2b63}</destination>
		</relationship>
		<relationship name="parameter">
			<destination>{e5c13134-b82e-4e78-9631-abb1bf27848c}</destination>
		</relationship>
	</object>
	<object class="GameParameter" id="{e5c13134-b82e-4e78-9631-abb1bf27848c}">
		<property name="isHeld">
			<value>true</value>
		</property>
		<property name="initialValue">
			<value>0</value>
		</property>
		<property name="seekSpeed">
			<value>1.1000000238418579</value>
		</property>
		<property name="isExposedRecursively">
			<value>false</value>
		</property>
	</object>
</objects>
