<?xml version="1.0" encoding="UTF-8"?>
<objects serializationModel="Studio.02.02.00">
	<object class="ParameterPreset" id="{4f754938-37b2-4f30-ae9d-483e0f2a8825}">
		<property name="name">
			<value>Material</value>
		</property>
		<relationship name="folder">
			<destination>{b2a4c4da-4183-4873-9647-767926cc2b63}</destination>
		</relationship>
		<relationship name="parameter">
			<destination>{ee4ed5b9-18fb-48dd-a7e0-4afb83a8a2f3}</destination>
		</relationship>
	</object>
	<object class="GameParameter" id="{ee4ed5b9-18fb-48dd-a7e0-4afb83a8a2f3}">
		<property name="parameterType">
			<value>2</value>
		</property>
		<property name="maximum">
			<value>5</value>
		</property>
		<property name="enumerationLabels">
			<value>Earth</value>
			<value>Grass</value>
			<value>Puddle</value>
			<value>Stone</value>
			<value>Wood</value>
		</property>
		<property name="isHeld">
			<value>true</value>
		</property>
		<property name="initialValue">
			<value>0</value>
		</property>
		<property name="isExposedRecursively">
			<value>false</value>
		</property>
	</object>
</objects>
