<?xml version="1.0" encoding="UTF-8"?>
<objects serializationModel="Studio.02.02.00">
	<object class="ParameterPreset" id="{9500ba1b-3afa-4050-8c45-472ce94d2a22}">
		<property name="name">
			<value>Zumbido</value>
		</property>
		<relationship name="folder">
			<destination>{b2a4c4da-4183-4873-9647-767926cc2b63}</destination>
		</relationship>
		<relationship name="parameter">
			<destination>{e9060574-4c94-4736-92eb-baabce870707}</destination>
		</relationship>
	</object>
	<object class="GameParameter" id="{e9060574-4c94-4736-92eb-baabce870707}">
		<property name="initialValue">
			<value>0</value>
		</property>
		<property name="seekSpeed">
			<value>0.18999999761581421</value>
		</property>
	</object>
</objects>
