<?xml version="1.0" encoding="UTF-8"?>
<objects serializationModel="Studio.02.02.00">
	<object class="ParameterPreset" id="{db391b70-8199-4999-94c2-397817c5d8a8}">
		<property name="name">
			<value>Jump Or Land</value>
		</property>
		<relationship name="folder">
			<destination>{b2a4c4da-4183-4873-9647-767926cc2b63}</destination>
		</relationship>
		<relationship name="parameter">
			<destination>{6a2331a9-95cd-45ff-a5b8-d707a3b88eb6}</destination>
		</relationship>
	</object>
	<object class="GameParameter" id="{6a2331a9-95cd-45ff-a5b8-d707a3b88eb6}">
		<property name="parameterType">
			<value>2</value>
		</property>
		<property name="maximum">
			<value>2</value>
		</property>
		<property name="enumerationLabels">
			<value>Jump</value>
			<value>Land</value>
		</property>
		<property name="isHeld">
			<value>true</value>
		</property>
		<property name="initialValue">
			<value>0</value>
		</property>
		<property name="isExposedRecursively">
			<value>false</value>
		</property>
	</object>
</objects>
