<?xml version="1.0" encoding="UTF-8"?>
<objects serializationModel="Studio.02.02.00">
	<object class="EncodingSetting" id="{c77baf15-24a6-422b-b4b2-0a9296f07553}">
		<property name="encodingFormat">
			<value>3</value>
		</property>
		<property name="quality">
			<value>37</value>
		</property>
		<relationship name="platform">
			<destination>{f73111de-ef29-4de0-b10d-3d528d5db1c2}</destination>
		</relationship>
		<relationship name="encodable">
			<destination>{f73111de-ef29-4de0-b10d-3d528d5db1c2}</destination>
		</relationship>
	</object>
</objects>
